price,area,bedrooms,bathrooms,location,city,property_type,built_year,parking_spaces,servant_quarters,store_rooms,kitchens,drawing_rooms,property_url
6.5 Crore,11 Marla,5 Beds,6 Baths,"Bahria Town, Islamabad, Islamabad Capital",Islamabad,House,Furnished,,1,1,1,1,https://www.zameen.com/Property/bahria_enclave_bahria_enclave_-_sector_c1_beautiful_corner_house_for_sale_11_marla_sector_c1_bahria_enclave-54198973-11987-1.html
14.5 Crore,1 Kanal,7 Beds,-,"DHA Defence, Islamabad, Islamabad Capital",Islamabad,House,Other Main Features,4,2,1,1,1,https://www.zameen.com/Property/dha_defence_dha_defence_phase_2_1_kanal_ultra_luxury_designer_house_for_sale_in_dha_phase_2_islamabad_7_master_bedrooms_prime_location_near_central_park_dha_phase_2_islamabad_expressway_elegant_living_double_kitchens_servant_accommodation_parking_for_3-54115123-339-1.html
9.25 Crore,10 Marla,6 Beds,6 Baths,"DHA Defence, Islamabad, Islamabad Capital",Islamabad,House,Furnished,03,02,1,3,1,https://www.zameen.com/Property/dha_defence_dha_defence_phase_5_buying_a_house_in_dha_defence_phase_5_islamabad-53925522-10991-1.html
13.85 Crore,1 Kanal,5 Beds,6 Baths,"DHA Defence, Islamabad, Islamabad Capital",Islamabad,House,Furnished,3,2,1,1,1,https://www.zameen.com/Property/dha_defence_dha_defence_phase_2_1_kanal_luxury_modern_house_for_sale_in_dha_phase_2_front_of_central_park_near_giga_mall_prime_location-54129514-339-1.html
46 Crore,3 Kanal,10 Beds,7 Baths,"DHA Defence, Islamabad, Islamabad Capital",Islamabad,House,Furnished,2,1,3,1,1,https://www.zameen.com/Property/dha_defence_dha_defence_phase_2_3_kanal_ultra_luxury_fully_furnished_mansion_for_sale_in_dha_phase_2_islamabad-54253565-339-1.html
3.8 Crore,10 Marla,4 Beds,4 Baths,"Kashmir Highway, Islamabad, Islamabad Capital",Islamabad,House,Furnished,,1,1,1,1,https://www.zameen.com/Property/kashmir_highway_eighteen_10_marla_luxury_premium_villa_in_eighteen_islamabad_available_for_sale-54155476-12602-1.html
5 Crore,1.3 Kanal,5 Beds,6 Baths,"Bani Gala, Islamabad, Islamabad Capital",Islamabad,House,Furnished,4,26,1,1,1,https://www.zameen.com/Property/islamabad_bani_gala_ideal_house_is_available_for_sale_in_bani_gala-50367010-340-1.html
3.75 Crore,4 Marla,5 Beds,6 Baths,"G-13, Islamabad, Islamabad Capital",Islamabad,House,Furnished,,1,1,1,1,https://www.zameen.com/Property/islamabad_g-13_corner_25x40_house_g-13_islamabad-54158101-330-1.html
9.3 Crore,14 Marla,8 Beds,6 Baths,"G-14, Islamabad, Islamabad Capital",Islamabad,House,Furnished,3,1,1,1,1,https://www.zameen.com/Property/g_14_g-14_4_highly-desirable_prime_location_house_available_in_g-14_4_for_sale-53611689-3346-1.html
30 Crore,1.3 Kanal,9 Beds,7 Baths,"F-11, Islamabad, Islamabad Capital",Islamabad,House,Furnished,,1,1,1,1,https://www.zameen.com/Property/f_11_f-11_2_f-11_2_brand_new_666_yards_fully-furnished_house_high-end_construction_9_bedrooms_full_basement_unparalleled_luxury_and_sophistication_price_30_crores-52722809-3283-1.html
12.75 Crore,1 Kanal,5 Beds,6 Baths,"DHA Defence, Islamabad, Islamabad Capital",Islamabad,House,Furnished,3,2,2,2,1,https://www.zameen.com/Property/dha_defence_dha_defence_phase_2_1_kanal_beautiful_house_for_sale_in_dha_phase_2_islamabad-54150609-339-1.html
10.9 Crore,1 Kanal,5 Beds,6 Baths,"DHA Defence, Islamabad, Islamabad Capital",Islamabad,House,Furnished,2,2,2,2,1,https://www.zameen.com/Property/dha_defence_dha_defence_phase_2_in_dha_defence_phase_2_1_kanal_house_for_sale-52510497-339-1.html
4 Crore,7 Marla,4 Beds,5 Baths,"FECHS, Islamabad, Islamabad Capital",Islamabad,House,Floors: 2,,1,,1,1,https://www.zameen.com/Property/jinnah_gardens_jinnah_gardens_phase_1_masterpiece_living_the_finest_07_marla_designer_villa_in_jinnah_garden_islamabad-54190631-1421-1.html
85 Lakh,5 Marla,2 Beds,2 Baths,"DHA Defence, Islamabad, Islamabad Capital",Islamabad,House,,,0,,1,1,https://www.zameen.com/Property/dha_defence_dha_defence_phase_7_oleander_b_sector-54254527-22460-1.html
9.5 Crore,10 Marla,5 Beds,6 Baths,"F-11, Islamabad, Islamabad Capital",Islamabad,House,Other Main Features,2,1,1,1,1,https://www.zameen.com/Property/islamabad_f-11_house_for_sale_in_f-11-53341779-163-1.html
17 Crore,1 Kanal,8 Beds,6 Baths,"E-11, Islamabad, Islamabad Capital",Islamabad,House,Other Main Features,5,1,1,1,1,https://www.zameen.com/Property/islamabad_e-11_triple_story_e-11_main_double_house_for_sale-53637335-329-1.html
7.3 Crore,8 Marla,5 Beds,6 Baths,"E-11, Islamabad, Islamabad Capital",Islamabad,House,Other Main Features,2,2,1,1,1,https://www.zameen.com/Property/islamabad_e-11_designer_house_for_sale_e-_11-54206366-329-1.html
11.5 Crore,1 Kanal,6 Beds,7 Baths,"DHA Defence, Islamabad, Islamabad Capital",Islamabad,House,Other Main Features,3,1,1,2,1,https://www.zameen.com/Property/dha_defence_dha_defence_phase_2_1_kanal_beautiful_design_bungalow_up_for_sale-54255049-339-1.html
12.75 Crore,1 Kanal,5 Beds,6 Baths,"DHA Defence, Islamabad, Islamabad Capital",Islamabad,House,Other Main Features,3,1,1,2,1,https://www.zameen.com/Property/dha_defence_dha_defence_phase_2_most_beautiful_design_of_1_kanal_house_up_for_sale-54255011-339-1.html
2.95 Crore,6.7 Marla,4 Beds,6 Baths,"Soan Garden, Islamabad, Islamabad Capital",Islamabad,House,Floors: 2,2,,1,1,1,https://www.zameen.com/Property/islamabad_soan_garden_brand_new_double_storey_house_available_for_sale_in_soan_garden_islamabad-51874408-338-1.html
2.9 Crore,6 Marla,4 Beds,6 Baths,"Soan Garden, Islamabad, Islamabad Capital",Islamabad,House,Floors: 2,2,,1,1,1,https://www.zameen.com/Property/soan_garden_soan_garden_-_block_h_6_marla_brand_new_house_available_for_sale_in_soan_garden_islamabad-53759062-3498-1.html
2.8 Crore,6 Marla,4 Beds,6 Baths,"Soan Garden, Islamabad, Islamabad Capital",Islamabad,House,Floors,2,,1,3,1,https://www.zameen.com/Property/soan_garden_soan_garden_-_block_h_6_marla_brand_new_double_storey_house_for_sale_in_soan_garden_housing_society_h_block_prime_location_on_islamabad_expressway-53832440-3498-1.html
24.9 Crore,2.5 Kanal,7 Beds,6 Baths,"DHA Defence, Islamabad, Islamabad Capital",Islamabad,House,Furnished,6,2,2,2,1,https://www.zameen.com/Property/dha_defence_dha_defence_phase_2_ultra_modern_designer_2_5_kanal_mansion_with_a_quality_construction_wide_street-52366347-339-1.html
12.75 Crore,1 Kanal,5 Beds,6 Baths,"DHA Defence, Islamabad, Islamabad Capital",Islamabad,House,Furnished,3,1,1,2,1,https://www.zameen.com/Property/dha_defence_dha_defence_phase_2_brand_new_fully_furnished_ultra_modern_mansion_in_dha-2-52381835-339-1.html
5.5 Crore,10 Marla,5 Beds,6 Baths,"DHA Defence, Islamabad, Islamabad Capital",Islamabad,House,Furnished,3,1,2,2,1,https://www.zameen.com/Property/dha_defence_dha_defence_phase_2_brand_new_stunning_designer_a_quality_masterpiece_at_prime_location_of_zaraj-52405866-339-1.html
2.6 Crore,5 Marla,3 Beds,4 Baths,"B-17, Islamabad, Islamabad Capital",Islamabad,House,Other Main Features,1,1,1,1,1,https://www.zameen.com/Property/mpchs_multi_gardens_mpchs_-_block_f_5_marla_25x50_ultra_luxury_hybrid_unit_house_for_sale_in_mpchs_multi_garden_b17_islamabad-54253369-8527-1.html
5.1 Crore,10 Marla,5 Beds,6 Baths,"Top City 1, Islamabad, Islamabad Capital",Islamabad,House,Furnished,,1,1,1,1,https://www.zameen.com/Property/top_city_1_top_city_1_-_block_d_10_marla_brand_new_house_for_sale_in_top_city-1_islamabad-53681427-9233-1.html
10.5 Crore,1 Kanal,6 Beds,6 Baths,"B-17, Islamabad, Islamabad Capital",Islamabad,House,Other Main Features,3,1,1,1,1,https://www.zameen.com/Property/mpchs_multi_gardens_mpchs_-_block_c_1_kanal_50x90_ultra_luxury_designer_corner_house_for_sale_in_block_c_mpchs_multi_garden_b-17_islamabad-54194131-3118-1.html
4 Crore,10 Marla,5 Beds,6 Baths,"Top City 1, Islamabad, Islamabad Capital",Islamabad,House,,Other Main Features,1,1,1,1,https://www.zameen.com/Property/top_city_1_top_city_1_-_block_a_affordable_house_for_sale_in_top_city_1_-_block_a-53648777-9231-1.html
4.95 Crore,10 Marla,6 Beds,6 Baths,"Top City 1, Islamabad, Islamabad Capital",Islamabad,House,Furnished,,1,,2,1,https://www.zameen.com/Property/islamabad_top_city_1_main_boulevard_house_for_sale-53705640-1383-1.html
42 Crore,1.3 Kanal,5 Beds,7 Baths,"F-11, Islamabad, Islamabad Capital",Islamabad,House,Furnished,,1,1,1,1,https://www.zameen.com/Property/islamabad_f-11_f-11_margalla_road_666_yards_newly_built_modern_house_front_open_5_bedrooms_swimming_pool_gymnasium_prime_location_price_42_crores-54210718-163-1.html
1.55 Crore,8 Marla,3 Beds,3 Baths,"DHA Defence, Islamabad, Islamabad Capital",Islamabad,House,Furnished,,1,1,1,1,https://www.zameen.com/Property/dha_valley_oleander_sector_oleander_sector_-_block_a_8_marla_dha_home_oleander_a_block-53367072-16476-1.html
1.59 Crore,8 Marla,3 Beds,3 Baths,"DHA Defence, Islamabad, Islamabad Capital",Islamabad,House,Furnished,2,1,1,1,1,https://www.zameen.com/Property/dha_valley_lilly_sector_lilly_sector_-_dha_homes_luxury_8_marla_house_for_sale_double_storey_2_terraces_servant_quarter-53443796-16826-1.html
1.6 Crore,8 Marla,3 Beds,3 Baths,"DHA Defence, Islamabad, Islamabad Capital",Islamabad,House,Furnished,2,1,1,1,1,https://www.zameen.com/Property/dha_valley_dha_valley_-_lilly_sector_beautiful_8_marla_double-storey_villa_3_bedrooms_garden_servant_room-53445557-3214-1.html
3.5 Crore,8 Marla,4 Beds,5 Baths,"B-17, Islamabad, Islamabad Capital",Islamabad,House,Waste Disposal,2,,,,,https://www.zameen.com/Property/mpchs_multi_gardens_mpchs_-_block_c_3060_designer_house_for_sale-53414790-3118-1.html
1.75 Arab,4 Kanal,-,-,"F-7, Islamabad, Islamabad Capital",Islamabad,House,,,,,,1,https://www.zameen.com/Property/islamabad_f-7_prime_2000_sq_yards_house_with_4_kanal_extra_land_nearly_8_kanal_total_f-7_islamabad-53998467-165-1.html
15 Crore,1.6 Kanal,6 Beds,6 Baths,"DHA Defence, Islamabad, Islamabad Capital",Islamabad,House,Furnished,3,1,2,1,1,https://www.zameen.com/Property/dha_defence_dha_defence_phase_2_32_marla_ultra_luxury_royal-themed_house_for_sale_in_dha_phase_2_islamabad_where_elegance_meets_grandeur_a_true_palace_for_modern_royalty-54151833-339-1.html
1.7 Crore,8 Marla,3 Beds,3 Baths,"DHA Defence, Islamabad, Islamabad Capital",Islamabad,House,Floors: 02,04,,,,,https://www.zameen.com/Property/dha_defence_dha_defence_phase_7_oleander_sector_a-54240781-22460-1.html
2.5 Crore,10 Marla,5 Beds,6 Baths,"Bani Gala, Islamabad, Islamabad Capital",Islamabad,House,Furnished,2,1,1,1,1,https://www.zameen.com/Property/islamabad_bani_gala_10_marla_newly_built_house_for_sale_in_bani_gala-53421452-340-1.html
67 Crore,1.9 Kanal,5 Beds,5 Baths,"E-7, Islamabad, Islamabad Capital",Islamabad,House,Floors: 2,5,2,,2,1,https://www.zameen.com/Property/islamabad_e-7_prime_location_5_bedroom_liveable_house-54252047-343-1.html
4 Crore,5 Marla,6 Beds,6 Baths,"B-17, Islamabad, Islamabad Capital",Islamabad,House,Other Main Features,5,2,2,2,1,https://www.zameen.com/Property/b_17_mpchs_-_multi_gardens_corner_5_marla_designer_house_for_sale_in_fmc_adjacent_to_b17_c1_block-52984851-3115-1.html
17 Crore,2 Kanal,6 Beds,6 Baths,"Kashmir Highway, Islamabad, Islamabad Capital",Islamabad,House,Furnished,,1,1,1,1,https://www.zameen.com/Property/kashmir_highway_eighteen_2_kanal_luxury_premium_villa_in_eighteen_islamabad_available_for_sale-54155421-12602-1.html
10 Crore,1 Kanal,6 Beds,6 Baths,"DHA Defence, Islamabad, Islamabad Capital",Islamabad,House,Furnished,3,2,2,2,1,https://www.zameen.com/Property/dha_defence_dha_defence_phase_2_luxury_double_unit_designer_kanal_bungalow-52443980-339-1.html
15.5 Crore,1 Kanal,6 Beds,6 Baths,"DHA Defence, Islamabad, Islamabad Capital",Islamabad,House,Furnished,3,2,2,2,1,https://www.zameen.com/Property/dha_defence_dha_defence_phase_2_brand_new_ultra_modern_corner_mansion_with_swimming_pool_and_elevator_a_quality_construction-52629225-339-1.html
12.49 Crore,1 Kanal,5 Beds,6 Baths,"DHA Defence, Islamabad, Islamabad Capital",Islamabad,House,Other Main Features,3,1,2,2,1,https://www.zameen.com/Property/dha_defence_dha_defence_phase_2_ultra_modern_a_kanal_mansion_with_maze-9_theme_lounge_and_aesthetic_designs_and_imported_appliances-53228424-339-1.html
12.9 Crore,1 Kanal,5 Beds,6 Baths,"DHA Defence, Islamabad, Islamabad Capital",Islamabad,House,Other Main Features,3,1,2,2,1,https://www.zameen.com/Property/dha_defence_dha_defence_phase_2_brand_new_ultra_modern_designer_mansion_at_prime_location_house_for_sale-54066975-339-1.html
13.5 Crore,1 Kanal,6 Beds,6 Baths,"DHA Defence, Islamabad, Islamabad Capital",Islamabad,House,Other Main Features,3,1,1,2,1,https://www.zameen.com/Property/dha_defence_dha_defence_phase_2_1_kanal_aesthetic_design_corner_bungalow_on_prime_location_up_for_sale-54254980-339-1.html
11.25 Crore,1 Kanal,5 Beds,6 Baths,"DHA Defence, Islamabad, Islamabad Capital",Islamabad,House,Other Main Features,3,2,2,2,1,https://www.zameen.com/Property/dha_defence_dha_defence_phase_2_brand_new_designer_single_unit_5_bed_prime_location_mansion-54108880-339-1.html
14 Crore,1 Kanal,5 Beds,6 Baths,"DHA Defence, Islamabad, Islamabad Capital",Islamabad,House,Other Main Features,1,,1,1,,https://www.zameen.com/Property/dha_defence_dha_defence_phase_2_1_kanal_beautiful_house_for_sale_in_dha_phase_2_islamabad-54150559-339-1.html
14.5 Crore,1 Kanal,5 Beds,-,"DHA Defence, Islamabad, Islamabad Capital",Islamabad,House,Other Main Features,1,1,,2,1,https://www.zameen.com/Property/dha_defence_dha_defence_phase_2_1_kanal_designer_house_for_sale_near_giga_mall-54120620-339-1.html
22.25 Crore,1 Kanal,5 Beds,6 Baths,"F-8, Islamabad, Islamabad Capital",Islamabad,House,,,,,,,https://www.zameen.com/Property/islamabad_f-8_investor_rate_50x90_house_in_prime_f-8-53612568-166-1.html
41.5 Crore,1 Kanal,6 Beds,7 Baths,"F-8, Islamabad, Islamabad Capital",Islamabad,House,Other Main Features,,1,1,1,1,https://www.zameen.com/Property/islamabad_f-8_brand_new_triple-storey_designer_house_for_sale_in_f-8-53492540-166-1.html
24 Crore,1 Kanal,4 Beds,5 Baths,"F-8, Islamabad, Islamabad Capital",Islamabad,House,Other Main Features,,1,1,1,1,https://www.zameen.com/Property/islamabad_f-8_old_house_is_for_sale_in_f-8-53612669-166-1.html
11.5 Crore,1 Kanal,5 Beds,6 Baths,"DHA Defence, Islamabad, Islamabad Capital",Islamabad,House,Furnished,3,1,2,2,1,https://www.zameen.com/Property/dha_defence_dha_defence_phase_2_brand_new_architecture_kanal_mansion_at_prime_location-52379201-339-1.html
6.95 Crore,10 Marla,4 Beds,4 Baths,"Top City 1, Islamabad, Islamabad Capital",Islamabad,House,,,,,1,1,https://www.zameen.com/Property/top_city_1_top_city_1_-_block_d_get_in_touch_now_to_buy_a_10_marla_house_in_top_city_1_-_block_d-54226149-9233-1.html
21.9 Crore,1.2 Kanal,5 Beds,6 Baths,"F-10, Islamabad, Islamabad Capital",Islamabad,House,Other Main Features,10,1,2,1,1,https://www.zameen.com/Property/islamabad_f-10_f_10_house_available_600_square_yards_with_1_kanal_extra_land_close_and_street-54120823-162-1.html
1.4 Arab,5 Kanal,10 Beds,6 Baths,"F-6, Islamabad, Islamabad Capital",Islamabad,House,Furnished,15,2,2,2,1,https://www.zameen.com/Property/f_6_f-6_3_f_6_2_proper_corner_house_available_2500_square_yards_close_and_street_near_to_margla_road-54022921-3301-1.html
1.75 Arab,8 Kanal,8 Beds,6 Baths,"F-7, Islamabad, Islamabad Capital",Islamabad,House,Furnished,20,3,2,2,1,https://www.zameen.com/Property/islamabad_f-7_f_7_main_margla_road_house_available_2000_square_yards_100_180_with_4_kanal_extra_land-53938009-165-1.html
4.25 Crore,8 Marla,6 Beds,6 Baths,"Kuri Road, Islamabad, Islamabad Capital",Islamabad,House,,,,,1,,https://www.zameen.com/Property/kuri_road_phaf_officers_residencia_deziner_house_available_for_sale_in_pha_officer_residenshia_kurii_road_islamabad-54181129-13099-1.html
5.25 Crore,6.7 Marla,5 Beds,6 Baths,"I-10, Islamabad, Islamabad Capital",Islamabad,House,Floors: 2,,,,1,1,https://www.zameen.com/Property/islamabad_i-10_i-10_2_25x60_brand_new_house_for_sale_out_class_construction-53607151-173-1.html
9 Crore,1 Kanal,6 Beds,6 Baths,"Top City 1, Islamabad, Islamabad Capital",Islamabad,House,,,,,1,1,https://www.zameen.com/Property/top_city_1_top_city_1_-_block_b_buying_a_house_in_top_city_1_-_block_b_islamabad-54218677-9230-1.html
4.85 Crore,10 Marla,5 Beds,5 Baths,"Top City 1, Islamabad, Islamabad Capital",Islamabad,House,,,,1,1,1,https://www.zameen.com/Property/islamabad_top_city_1_house_of_10_marla_is_available_for_sale_in_top_city_1-54218681-1383-1.html
7.5 Crore,1 Kanal,5 Beds,5 Baths,"Kashmir Highway, Islamabad, Islamabad Capital",Islamabad,House,Furnished,3,1,1,2,1,https://www.zameen.com/Property/kashmir_highway_eighteen_1_kanal_luxury_premium_villa_in_eighteen_islamabad_for_sale-54155365-12602-1.html
4.8 Crore,13.3 Marla,4 Beds,5 Baths,"DHA Defence, Islamabad, Islamabad Capital",Islamabad,House,Furnished,1,1,1,2,1,https://www.zameen.com/Property/dha_defence_phase_5_dha_phase_5_-_sector_f_excelleny_house_for_sale_size_5_1_marla-54119211-8836-1.html
12 Crore,1 Kanal,6 Beds,6 Baths,"DHA Defence, Islamabad, Islamabad Capital",Islamabad,House,Furnished,1,2,1,2,1,https://www.zameen.com/Property/dha_defence_dha_defence_phase_2_beautiful_one_kanal_house_for_sale_sector_g_dha_2_islamabad-54161765-339-1.html
6.5 Crore,10 Marla,7 Beds,7 Baths,"Gulberg, Islamabad, Islamabad Capital",Islamabad,House,Furnished,2,1,1,2,10,https://www.zameen.com/Property/gulberg_residencia_gulberg_residencia_-_block_i_i_block_10_marla_prime_location_brand_new_house_for_sale_gulberg_residencia_block_i-54158832-9119-1.html
12 Crore,10.6 Marla,6 Beds,6 Baths,"G-10, Islamabad, Islamabad Capital",Islamabad,House,Other Main Features,,,,,,https://www.zameen.com/Property/g_10_g-10_2_brand_new_house_available_for_sale_in_sector_g-10_2_islamabad-54032130-3325-1.html
8.5 Crore,1 Kanal,6 Beds,6 Baths,"DHA Defence, Islamabad, Islamabad Capital",Islamabad,House,Other Main Features,3,2,2,2,1,https://www.zameen.com/Property/dha_defence_dha_defence_phase_2_brand_new_double_unit_designer_6_bed_house_at_prime_location-54108915-339-1.html
11.5 Crore,1 Kanal,5 Beds,6 Baths,"DHA Defence, Islamabad, Islamabad Capital",Islamabad,House,Furnished,3,,2,2,1,https://www.zameen.com/Property/dha_defence_dha_defence_phase_2_1_kanal_beautiful_house_for_sale_in_dha_phase_2_islamabad-54152159-339-1.html
12 Crore,1 Kanal,6 Beds,7 Baths,"DHA Defence, Islamabad, Islamabad Capital",Islamabad,House,Floors: 2,,,,1,,https://www.zameen.com/Property/dha_defence_dha_defence_phase_2_1_kanal_corner_house_available_for_sale_at_dha_2-54105181-339-1.html
9.15 Crore,1 Kanal,7 Beds,7 Baths,"DHA Defence, Islamabad, Islamabad Capital",Islamabad,House,Other Main Features,3,2,2,2,1,https://www.zameen.com/Property/dha_defence_dha_defence_phase_2_1_kanal_beautiful_house_for_sale_in_dha_phase_2_islamabad-54162412-339-1.html
1.5 Crore,5 Marla,3 Beds,4 Baths,"Park View City, Islamabad, Islamabad Capital",Islamabad,House,Furnished,2,1,1,1,1,https://www.zameen.com/Property/park_view_city_park_view_city_-_overseas_block_05_marla_gray_structure_house_for_sale_in_park_view_city_islamabad-53852444-19666-1.html
9.9 Crore,1 Kanal,5 Beds,6 Baths,"DHA Defence, Islamabad, Islamabad Capital",Islamabad,House,Furnished,3,2,2,1,1,https://www.zameen.com/Property/dha_defence_dha_defence_phase_2_1_kanal_brand_new_luxury_home_dha_phase_2-54137804-339-1.html
3.15 Crore,5 Marla,5 Beds,6 Baths,"B-17, Islamabad, Islamabad Capital",Islamabad,House,Floors: 3,1,1,1,2,2,https://www.zameen.com/Property/b_17_faisal_margalla_city_5_marla_triple_storey_double_unit_house_for_sale_in_faisal_margala_city_b-17_islamabad-54254898-13424-1.html
5.8 Crore,13 Marla,5 Beds,5 Baths,"DHA Defence, Islamabad, Islamabad Capital",Islamabad,House,Other Main Features,,1,,1,,https://www.zameen.com/Property/dha_defence_dha_defence_phase_3_dha_phase_3_brand_new_house_for_sale_brand_new_a_quality-54192046-8412-1.html
13 Crore,16 Marla,9 Beds,7 Baths,"E-11, Islamabad, Islamabad Capital",Islamabad,House,Other Main Features,,1,1,3,1,https://www.zameen.com/Property/islamabad_e-11_for_sale_40x90_renovated_triple_storey_9_beds_e_11_2-54183372-329-1.html
3.15 Crore,7 Marla,4 Beds,5 Baths,"FECHS, Islamabad, Islamabad Capital",Islamabad,House,Waste Disposal,1,,,,,https://www.zameen.com/Property/jinnah_gardens_jinnah_gardens_phase_1_jinnah_garden_phase_1_7_marla_house_for_sale-54052944-1421-1.html
10.5 Crore,1 Kanal,5 Beds,6 Baths,"DHA Defence, Islamabad, Islamabad Capital",Islamabad,House,Floors: 2,3,1,2,1,1,https://www.zameen.com/Property/dha_defence_dha_defence_phase_2_brand_new_1_kanal_modern_contemporary_luxury_house_for_sale_dha_2-54250135-339-1.html
8.5 Crore,1 Kanal,8 Beds,7 Baths,"Top City 1, Islamabad, Islamabad Capital",Islamabad,House,Furnished,,1,1,02,01,https://www.zameen.com/Property/top_city_1_top_city_1_-_block_b_20_marla_brand_new_house_for_sale_in_topcity-1_islamabad-53751527-9230-1.html
14.9 Crore,1 Kanal,5 Beds,6 Baths,"DHA Defence, Islamabad, Islamabad Capital",Islamabad,House,Other Main Features,3,2,2,2,1,https://www.zameen.com/Property/dha_defence_dha_defence_phase_2_dha_2_one_kanal_brand_new_corner_house_on_main_boulevard_with_swimming_pool-53966465-339-1.html
4.4 Crore,7 Marla,5 Beds,5 Baths,"Gulberg, Islamabad, Islamabad Capital",Islamabad,House,Furnished,2,1,1,1,1,https://www.zameen.com/Property/gulberg_residencia_gulberg_residencia_-_block_i_brand_new_7_marla_luxury_double_story_house_for_sale_in_gulberg_residencia-54164037-9119-1.html
2.32 Crore,5 Marla,4 Beds,4 Baths,"B-17, Islamabad, Islamabad Capital",Islamabad,House,Furnished,1,1,1,1,1,https://www.zameen.com/Property/mpchs_multi_gardens_mpchs_-_block_c1_5_marla_house_for_sale_available_in_b-17-54152881-12607-1.html
1.4 Crore,5 Marla,3 Beds,4 Baths,"Bani Gala, Islamabad, Islamabad Capital",Islamabad,House,Furnished,1,,,1,1,https://www.zameen.com/Property/islamabad_bani_gala_brand_new_1_5_storey_house_for_sale_in_bani_gala-53774818-340-1.html
3.85 Crore,11 Marla,3 Beds,4 Baths,"DHA Defence, Islamabad, Islamabad Capital",Islamabad,House,Furnished,4,2,2,2,1,https://www.zameen.com/Property/dha_phase_1_sector_f_dha_phase_1_-_defence_villas_dha_phase_1_sector_f_defence_villa_for_sale-52093852-3075-1.html
52 Crore,2.1 Kanal,8 Beds,7 Baths,"F-7, Islamabad, Islamabad Capital",Islamabad,House,Other Main Features,6,2,2,2,1,https://www.zameen.com/Property/islamabad_f-7_prime_location_house_1066sqyds_size_80x120_cda_transfer_two_owners--54150880-165-1.html
3.8 Crore,7 Marla,4 Beds,4 Baths,"Gulberg, Islamabad, Islamabad Capital",Islamabad,House,Furnished,2,2,2,2,1,https://www.zameen.com/Property/gulberg_residencia_gulberg_residencia_-_block_l_house_for_sale_corner_7_marla_block_l-54254563-9122-1.html
12.45 Crore,1 Kanal,6 Beds,6 Baths,"Bahria Town, Islamabad, Islamabad Capital",Islamabad,House,Other Main Features,3,1,,1,1,https://www.zameen.com/Property/bahria_town_bahria_enclave_1_kanal_designer_house_for_sale_in_bahria_enclave_islamabad_sector_c_main_boulevard_margalla_facing-53310496-1705-1.html
10 Crore,1 Kanal,10 Beds,6 Baths,"B-17, Islamabad, Islamabad Capital",Islamabad,House,Furnished,,,,10,,https://www.zameen.com/Property/mpchs_multi_gardens_mpchs_-_block_b_main_double_road-54004307-3117-1.html
28 Crore,2 Kanal,6 Beds,6 Baths,"DHA Defence, Islamabad, Islamabad Capital",Islamabad,House,Furnished,4,2,1,3,1,https://www.zameen.com/Property/dha_defence_dha_defence_phase_2_an_exclusive_2_kanal_fully_furnished_modern_house_will_be_available_for_sale_within_this_month-54225791-339-1.html
2.7 Crore,5 Marla,3 Beds,5 Baths,"Bahria Town, Islamabad, Islamabad Capital",Islamabad,House,Furnished,1,1,1,1,1,https://www.zameen.com/Property/bahria_enclave_bahria_enclave_-_sector_n_5_marla_beautiful_house_for_sale_sector_n-53855481-11975-1.html
5.8 Crore,10.5 Marla,5 Beds,7 Baths,"Bahria Town, Islamabad, Islamabad Capital",Islamabad,House,Floors: 2,2,1,1,1,1,https://www.zameen.com/Property/bahria_enclave_bahria_enclave_-_sector_m_semi-corner_10_5_marla_house_with_10_marla_green_belt-54224075-11977-1.html
2 Crore,5 Marla,4 Beds,6 Baths,"Bani Gala, Islamabad, Islamabad Capital",Islamabad,House,,,,1,20000000,1,https://www.zameen.com/Property/islamabad_bani_gala_double_storey_house_for_sale_in_bani_gala-54189087-340-1.html
15 Crore,1 Kanal,9 Beds,6 Baths,"E-11, Islamabad, Islamabad Capital",Islamabad,House,Furnished,6,3,3,3,1,https://www.zameen.com/Property/e_11_e-11_3_traple_story_house_for_sale_e_11_3-52770423-3238-1.html
7.2 Crore,8 Marla,5 Beds,5 Baths,"E-11, Islamabad, Islamabad Capital",Islamabad,House,Other Main Features,2,1,1,1,1,https://www.zameen.com/Property/islamabad_e-11_brand_new_house_for_sale_in_e-11_2-53117154-329-1.html
27.5 Crore,1.2 Kanal,6 Beds,6 Baths,"F-8, Islamabad, Islamabad Capital",Islamabad,House,Other Main Features,4,3,1,2,1,https://www.zameen.com/Property/f_8_f-8_3_investor_price_house_for_sale_in_f-8-53436899-3316-1.html
22.5 Crore,1.1 Kanal,3 Beds,3 Baths,"F-6, Islamabad, Islamabad Capital",Islamabad,House,Other Main Features,4,1,1,1,1,https://www.zameen.com/Property/islamabad_f-6_demolish_able_house_for_sale_in_f-6-53768754-164-1.html
11.5 Crore,10 Marla,6 Beds,6 Baths,"D-12, Islamabad, Islamabad Capital",Islamabad,House,Other Main Features,2,1,1,2,2,https://www.zameen.com/Property/islamabad_d-12_brand_new_house_for_sale_in_d-12-53974465-160-1.html
5.5 Crore,6 Marla,4 Beds,4 Baths,"E-11, Islamabad, Islamabad Capital",Islamabad,House,Other Main Features,1,10,1,1,1,https://www.zameen.com/Property/islamabad_e-11_double_story_house_for_sale_in_e-11-54005063-329-1.html
9 Crore,16 Marla,6 Beds,6 Baths,"E-11, Islamabad, Islamabad Capital",Islamabad,House,Other Main Features,3,1,2,2,1,https://www.zameen.com/Property/e_11_e-11_2_investor_price_house_for_sale_in_e-11_2-54112023-3233-1.html
5.25 Crore,5 Marla,5 Beds,6 Baths,"G-14, Islamabad, Islamabad Capital",Islamabad,House,,,,,2,,https://www.zameen.com/Property/g_14_g-14_4_5_marla_brand-new_luxury_house_for_sale_in_g-14_4_islamabad-54127121-3346-1.html
13.8 Crore,1 Kanal,5 Beds,6 Baths,"DHA Defence, Islamabad, Islamabad Capital",Islamabad,House,Floors: 2,2,2,2,1,1,https://www.zameen.com/Property/dha_defence_dha_defence_phase_2_1_kanal_modern_luxury_house_for_sale_in_dha_phase_2_islamabad-54104923-339-1.html
4.25 Crore,8 Marla,5 Beds,7 Baths,"Bahria Town, Islamabad, Islamabad Capital",Islamabad,House,Other Main Features,,1,1,1,2,https://www.zameen.com/Property/bahria_enclave_bahria_enclave_-_sector_j_luxurious_8_marla_triple-sided_open_home_with_huge_lawn_1_5_kanal_in_bahria_enclave_sector_j_-_pkr_4_25_crore-54204276-11981-1.html
7.7 Crore,1 Kanal,8 Beds,6 Baths,"DHA Defence, Islamabad, Islamabad Capital",Islamabad,House,Furnished,8,3,4,5,1,https://www.zameen.com/Property/dha_defence_dha_defence_phase_2_20_marla_corner_double_unit_house_for_sale_in_dha_phase_2_in_investor_price_dha_phase_2_islamabad-54249584-339-1.html
3.2 Crore,7 Marla,4 Beds,6 Baths,"Bahria Town, Islamabad, Islamabad Capital",Islamabad,House,Furnished,1,1,1,2,1,https://www.zameen.com/Property/bahria_enclave_bahria_enclave_-_sector_n_sector_n_5_marla_brand_new_corner_house_with_2_marla_extraland_excellent_construction_quality_sun_facing_house_available_for_sale-54185105-11975-1.html
6.35 Crore,10 Marla,6 Beds,6 Baths,"Top City 1, Islamabad, Islamabad Capital",Islamabad,House,Other Main Features,2,1,1,1,1,https://www.zameen.com/Property/islamabad_top_city_1_corner_10_marla_semi_furnished_house_for_sale-54225061-1383-1.html
70 Crore,2 Kanal,5 Beds,5 Baths,"F-8, Islamabad, Islamabad Capital",Islamabad,House,Other Main Features,6,,,,,https://www.zameen.com/Property/islamabad_f-8_prime_location_on_marrgalla_road_1000sqyds_in_coming_rent_5000_only_serious_buyers--54169872-166-1.html
6.95 Crore,10 Marla,5 Beds,6 Baths,"Top City 1, Islamabad, Islamabad Capital",Islamabad,House,Other Main Features,,,,2,,https://www.zameen.com/Property/islamabad_top_city_1_10_marla_designer_made_proper_corner_sunface_house_available_for_sale_in_topcity-1_islamabad-54232097-1383-1.html
1.8 Crore,5 Marla,4 Beds,-,"National Police Foundation O-9, Islamabad, Islamabad Capital",Islamabad,House,,,,,,,https://www.zameen.com/Property/national_police_foundation_o_9_national_police_foundation_o-9_-_block_c_5_marla_house_situated_in_national_police_foundation_o-9_-_block_c_for_sale-54236477-16427-1.html
1.3 Crore,5 Marla,4 Beds,5 Baths,"E-17, Islamabad, Islamabad Capital",Islamabad,House,Floors,,,,2,1,https://www.zameen.com/Property/islamabad_e-17_5_marla_brand_new_double_storey_house_available_for_sale-54193778-1409-1.html
1.65 Crore,8 Marla,2 Beds,3 Baths,"E-18, Islamabad, Islamabad Capital",Islamabad,House,,,,,2,1,https://www.zameen.com/Property/gulshan_e_sehat_2_gulshan-e-sehat_2_-_block_f_8_marla_30_60_in_block_f_single_story_brand_new_house_available_for_sale_in_gulshan_e_sehat_e-18_islamabad-54133023-3268-1.html
5.4 Crore,10 Marla,5 Beds,5 Baths,"Bahria Town, Islamabad, Islamabad Capital",Islamabad,House,Other Main Features,3,1,,1,1,https://www.zameen.com/Property/bahria_enclave_bahria_enclave_-_sector_c1_bahria_enclave_islamabad_sector_c1_10_marla_brand_new_sun-facing_luxury_house_for_sale-53422398-11987-1.html
3.5 Crore,7 Marla,4 Beds,4 Baths,"Faisal Town - F-18, Islamabad, Islamabad Capital",Islamabad,House,Furnished,2,1,1,1,2,https://www.zameen.com/Property/islamabad_faisal_town_-_f-18_faisal_town_7_marla_house_for_sale-53737283-8260-1.html
7.8 Crore,10 Marla,5 Beds,5 Baths,"G-9, Islamabad, Islamabad Capital",Islamabad,House,Furnished,,1,1,1,1,https://www.zameen.com/Property/islamabad_g-9_g_9_4_35x70_house_with_extra_land_for_sale-54206059-171-1.html
1.25 Crore,5 Marla,2 Beds,2 Baths,"Bhara kahu, Islamabad, Islamabad Capital",Islamabad,House,,,,2,2,1,https://www.zameen.com/Property/islamabad_bhara_kahu_brand_new_house-54253083-156-1.html
8.6 Crore,1 Kanal,5 Beds,5 Baths,"DHA Defence, Islamabad, Islamabad Capital",Islamabad,House,Furnished,24,1,1,2,1,https://www.zameen.com/Property/dha_defence_dha_defence_phase_2_1_kanal_luxury_5bed_designer_house-53721742-339-1.html
7.95 Crore,1 Kanal,6 Beds,6 Baths,"DHA Defence, Islamabad, Islamabad Capital",Islamabad,House,Furnished,3,1,1,1,1,https://www.zameen.com/Property/dha_defence_phase_2_dha_phase_2_-_sector_f_designer_outclass_house_on_top_height_location_near_giga_mall_central_park-49354939-3201-1.html
1.65 Crore,5 Marla,5 Beds,6 Baths,"Ghauri Town, Islamabad, Islamabad Capital",Islamabad,House,Floors: 2,1,1,1,2,1,https://www.zameen.com/Property/ghauri_town_ghauri_garden_urgent_sale_reasonable_price_5_marla_double_storey_house_for_sale_ghouri_garden_lehtrar_road_islamabad_best_location_near_commercial_street_size_30_feet-53920778-10660-1.html
15 Crore,1 Kanal,10 Beds,6 Baths,"E-11, Islamabad, Islamabad Capital",Islamabad,House,Furnished,6,2,2,2,1,https://www.zameen.com/Property/islamabad_e-11_house_for_sale_in_e-11_3_npf-54178808-329-1.html
9.3 Crore,8 Marla,5 Beds,5 Baths,"G-11, Islamabad, Islamabad Capital",Islamabad,House,Other Main Features,2,1,1,1,1,https://www.zameen.com/Property/islamabad_g-11_brand_new_house_for_sale_in_g-11-53992192-168-1.html
26 Crore,1.8 Kanal,6 Beds,6 Baths,"DHA Defence, Islamabad, Islamabad Capital",Islamabad,House,Furnished,3,26,2,1,1,https://www.zameen.com/Property/dha_defence_dha_defence_phase_2_1_and_only_top_and_prime_location_of_dha_2_islamabad_at_central_park_facing_dully_furnished-53041854-339-1.html
13.5 Crore,1 Kanal,9 Beds,6 Baths,"E-11, Islamabad, Islamabad Capital",Islamabad,House,Other Main Features,3,2,2,3,3,https://www.zameen.com/Property/e_11_e-11_3_investor_price_house_for_sale_in_e-11-53974534-3238-1.html
13.9 Crore,1 Kanal,7 Beds,6 Baths,"DHA Defence, Islamabad, Islamabad Capital",Islamabad,House,Furnished,3,13,2,2,1,https://www.zameen.com/Property/dha_defence_dha_defence_phase_2_1_kanal_brand_new_beautiful_single_unit_house-53041848-339-1.html
42 Crore,1.3 Kanal,6 Beds,6 Baths,"F-11, Islamabad, Islamabad Capital",Islamabad,House,Other Main Features,6,42,2,1,1,https://www.zameen.com/Property/islamabad_f-11_brand_new_house_for_sale_in_f-11-54227963-163-1.html
14 Crore,16 Marla,7 Beds,6 Baths,"F-11, Islamabad, Islamabad Capital",Islamabad,House,Other Main Features,3,40,1,3,1,https://www.zameen.com/Property/islamabad_f-11_investor_price_house_for_sale_in_f-11-54232082-163-1.html
26.5 Crore,1.3 Kanal,5 Beds,5 Baths,"F-8, Islamabad, Islamabad Capital",Islamabad,House,Furnished,5,1,1,1,1,https://www.zameen.com/Property/islamabad_f-8_house_for_sale_f_8-50748293-166-1.html
29.5 Crore,1 Kanal,4 Beds,5 Baths,"F-7, Islamabad, Islamabad Capital",Islamabad,House,Electricity Backup,,1,,1,1,https://www.zameen.com/Property/islamabad_f-7_50x90_prime_location_old_house_is_available_for_sale-54000891-165-1.html
58 Crore,1.3 Kanal,6 Beds,7 Baths,"F-7, Islamabad, Islamabad Capital",Islamabad,House,,3,2,1,1,1,https://www.zameen.com/Property/islamabad_f-7_offer_offer_6_months_time_modern_brand-new_house_is_for_sale-53604121-165-1.html
38.5 Crore,17.8 Marla,7 Beds,7 Baths,"F-6, Islamabad, Islamabad Capital",Islamabad,House,Furnished,,1,2,1,1,https://www.zameen.com/Property/islamabad_f-6_elegant_house_is_for_sale_in_f-6-53318282-164-1.html
12.99 Crore,14.2 Marla,7 Beds,7 Baths,"G-13, Islamabad, Islamabad Capital",Islamabad,House,,,,,10,,https://www.zameen.com/Property/g_13_g-13_1_the_most_elegant_designer_4080_house_of_g13_with_solar_on_70ft_road-53949517-3337-1.html
14 Crore,1 Kanal,5 Beds,6 Baths,"DHA Defence, Islamabad, Islamabad Capital",Islamabad,House,Furnished,,1,1,1,1,https://www.zameen.com/Property/dha_defence_dha_defence_phase_2_1_kanal_luxury_house_for_sale_in_dha_phase_2_islamabad-53583485-339-1.html
1.48 Crore,5 Marla,3 Beds,4 Baths,"Bani Gala, Islamabad, Islamabad Capital",Islamabad,House,,Flooring,,1,1,1,https://www.zameen.com/Property/islamabad_bani_gala_5_marla_most_beautiful_house_for_sale-54246913-340-1.html
5.3 Crore,5 Marla,5 Beds,6 Baths,"G-14, Islamabad, Islamabad Capital",Islamabad,House,Other Main Features,1,,,1,1,https://www.zameen.com/Property/g_14_g-14_4_on_excellent_location-54015945-3346-1.html
10.5 Crore,1 Kanal,6 Beds,7 Baths,"DHA Defence, Islamabad, Islamabad Capital",Islamabad,House,Furnished,3,1,1,1,1,https://www.zameen.com/Property/dha_defence_phase_3_dha_phase_3_-_block_b_beautiful_location_ideal_house_near_masjid_park_and_school-54141558-16227-1.html
12.75 Crore,1 Kanal,5 Beds,6 Baths,"DHA Defence, Islamabad, Islamabad Capital",Islamabad,House,Furnished,3,1,1,1,1,https://www.zameen.com/Property/dha_defence_dha_defence_phase_2_elegant_design_brand_new_1_kanal_house_with_swimming_pool-54127799-339-1.html
2.6 Crore,5 Marla,5 Beds,6 Baths,"B-17, Islamabad, Islamabad Capital",Islamabad,House,Furnished,1,1,2,2,1,https://www.zameen.com/Property/b_17_mpchs_-_multi_gardens_5_marla_twin_houses_at_prime_location_of_b-17_islamabad-54183822-3115-1.html
12.5 Crore,1 Kanal,5 Beds,6 Baths,"DHA Defence, Islamabad, Islamabad Capital",Islamabad,House,Other Main Features,03,020,2,3,1,https://www.zameen.com/Property/dha_defence_dha_defence_phase_2_prime_location_luxury_house_for_sale_in_dha_phase_2_near_to_giga_mall_near_to_masjid_near_to_control_park_near_to_control_commercial_near_to_hospital_near_to_aps-54155604-339-1.html
1.4 Crore,5 Marla,4 Beds,4 Baths,"Kashmir Highway, Islamabad, Islamabad Capital",Islamabad,House,Other Main Features,02,1,1,1,1,https://www.zameen.com/Property/airport_green_garden_airport_green_garden_-_block_a_to_sale_you_can_find_spacious_house_in_airport_green_garden_-_block_a-53962748-19371-1.html
5.1 Crore,14 Marla,7 Beds,6 Baths,"G-15, Islamabad, Islamabad Capital",Islamabad,House,Furnished,4,1,2,2,1,https://www.zameen.com/Property/islamabad_g-15_beautiful_designer_14_marla_40_80_house_for_sale_in_g-15_islamabad-53974259-764-1.html
8.8 Crore,1 Kanal,5 Beds,5 Baths,"DHA Defence, Islamabad, Islamabad Capital",Islamabad,House,,,,,1,1,https://www.zameen.com/Property/dha_defence_phase_3_dha_phase_3_-_block_b_looking_for_a_corner_house_in_dha_phase_3_-_block_b_islamabad-54112153-16227-1.html
1.45 Crore,5 Marla,3 Beds,3 Baths,"Multi Residencia & Orchards, Islamabad, Islamabad Capital",Islamabad,House,,,,,1,1,https://www.zameen.com/Property/islamabad_multi_residencia_orchards_5_marla_house_in_multi_ochrard_residence_islamabad-53847163-8332-1.html
2.4 Crore,5 Marla,-,-,"Faisal Hills, Islamabad, Islamabad Capital",Islamabad,House,,,,,,,https://www.zameen.com/Property/islamabad_faisal_hills_faisal_hills_house_sized_5_marla-54242185-10859-1.html
4.6 Crore,4 Marla,3 Beds,4 Baths,"G-11, Islamabad, Islamabad Capital",Islamabad,House,Other Main Features,,150,1,1,1,https://www.zameen.com/Property/islamabad_g-11_4_marla_brand_new_luxury_double_storey_house_for_sale_in_sector_g-11_islamabad-53911697-168-1.html
17 Crore,1 Kanal,9 Beds,6 Baths,"F-10, Islamabad, Islamabad Capital",Islamabad,House,Furnished,7,7,2,2,1,https://www.zameen.com/Property/islamabad_f-10_in_f-10_of_f-10_a_511_square_yards_house_is_available-50842424-162-1.html
11.5 Crore,1 Kanal,5 Beds,6 Baths,"DHA Defence, Islamabad, Islamabad Capital",Islamabad,House,Furnished,3,11,1,2,1,https://www.zameen.com/Property/dha_defence_dha_defence_phase_2_1_kanal_brand_new_beautiful_designer_house_for_sale_at_prime_location_of_dha2_islamabad-52412162-339-1.html
16 Crore,1 Kanal,7 Beds,6 Baths,"F-10, Islamabad, Islamabad Capital",Islamabad,House,Furnished,6,2,2,1,1,https://www.zameen.com/Property/islamabad_f-10_triple_storey_house_for_sale_f_10-51309540-162-1.html
13.5 Crore,1 Kanal,6 Beds,6 Baths,"DHA Defence, Islamabad, Islamabad Capital",Islamabad,House,Furnished,3,2,2,2,1,https://www.zameen.com/Property/dha_defence_dha_defence_phase_2_1_kanal_brand_new_beautiful_single_unit_house-52401406-339-1.html
22 Crore,1 Kanal,8 Beds,6 Baths,"F-11, Islamabad, Islamabad Capital",Islamabad,House,Furnished,6,2,2,6,1,https://www.zameen.com/Property/f_11_f-11_3_triple_storey_house_for_sale_f_11_3-51309544-3284-1.html
24 Crore,1.4 Kanal,5 Beds,5 Baths,"F-10, Islamabad, Islamabad Capital",Islamabad,House,Furnished,5,2,1,2,1,https://www.zameen.com/Property/islamabad_f-10_house_for_sale_in_f-10-53425600-162-1.html
19.5 Crore,1 Kanal,5 Beds,5 Baths,"F-10, Islamabad, Islamabad Capital",Islamabad,House,Furnished,4,10,1,1,1,https://www.zameen.com/Property/islamabad_f-10_house_for_sale_in_f-10-53615912-162-1.html
24 Crore,1.4 Kanal,5 Beds,5 Baths,"F-10, Islamabad, Islamabad Capital",Islamabad,House,Furnished,4,2,1,1,1,https://www.zameen.com/Property/islamabad_f-10_house_for_sale_in_f-10-53680134-162-1.html
45 Crore,2.5 Kanal,7 Beds,6 Baths,"F-7, Islamabad, Islamabad Capital",Islamabad,House,Furnished,4,2,1,2,1,https://www.zameen.com/Property/islamabad_f-7_luxurious_7-bedroom_house_for_sale_on_prime_location-49610450-165-1.html
46 Crore,2 Kanal,6 Beds,6 Baths,"F-7, Islamabad, Islamabad Capital",Islamabad,House,Furnished,4,1,1,2,1,https://www.zameen.com/Property/islamabad_f-7_luxurious_6_bedroom_house_for_sale_in_prime_location-49981663-165-1.html
48 Crore,1.3 Kanal,6 Beds,6 Baths,"F-7, Islamabad, Islamabad Capital",Islamabad,House,Floors: 3,5,2,2,3,1,https://www.zameen.com/Property/islamabad_f-7_brand_new_house_available_for_sale_in_f7-52498240-165-1.html
80 Crore,4 Kanal,10 Beds,-,"F-7, Islamabad, Islamabad Capital",Islamabad,House,Flooring,1,1,,1,1,https://www.zameen.com/Property/f_7_f-7_3_investor_price_house_available_for_sale_f7-52573056-3309-1.html
40 Crore,1 Kanal,9 Beds,-,"F-8, Islamabad, Islamabad Capital",Islamabad,House,Other Main Features,5,2,2,2,1,https://www.zameen.com/Property/islamabad_f-8_brand_new_house_available_for_sale-53153128-166-1.html
12.8 Crore,1 Kanal,5 Beds,6 Baths,"DHA Defence, Islamabad, Islamabad Capital",Islamabad,House,Other Main Features,3,1,1,1,1,https://www.zameen.com/Property/dha_defence_dha_defence_phase_2_semi-furnished_1_kanal_house_for_sale_in_dha_phase_2_islamabad-54250620-339-1.html
6.7 Crore,14.2 Marla,6 Beds,6 Baths,"FECHS, Islamabad, Islamabad Capital",Islamabad,House,Other Main Features,3,1,1,1,1,https://www.zameen.com/Property/fechs_jinnah_gardens_brand_new_double_storey_cda_lop_clear_designer_house_in_jinnah_garden_phase_1_islamabad-53885450-1420-1.html
19.5 Crore,2 Kanal,6 Beds,6 Baths,"DHA Defence, Islamabad, Islamabad Capital",Islamabad,House,Furnished,6,2,1,2,1,https://www.zameen.com/Property/dha_defence_dha_defence_phase_5_ultra-luxury_2_kanal_fully_furnished_mansion_for_sale_in_dha_islamabad-54250645-10991-1.html
12.85 Crore,14 Marla,8 Beds,7 Baths,"G-11, Islamabad, Islamabad Capital",Islamabad,House,Furnished,3,1,3,1,10,https://www.zameen.com/Property/g_11_g-11_2_new_modern_double_storey_house_on_70ft_road_near_g11_markaz_double_road_back_with_2_parks_servant_quarter_cda_transfer-53409307-3331-1.html
3.57 Crore,8 Marla,5 Beds,6 Baths,"Faisal Town - F-18, Islamabad, Islamabad Capital",Islamabad,House,Furnished,,1,1,1,2,https://www.zameen.com/Property/islamabad_faisal_town_-_f-18_30x60_8_marla_modern_house-53056812-8260-1.html
2.85 Crore,5 Marla,3 Beds,4 Baths,"Bahria Town, Islamabad, Islamabad Capital",Islamabad,House,Furnished,1,1,1,1,1,https://www.zameen.com/Property/bahria_enclave_bahria_enclave_-_sector_b1_5_5_marla_ideal_location_solid_constructed_house_with_10kv_solar-54085778-11972-1.html
3.8 Crore,5 Marla,4 Beds,5 Baths,"DHA Defence, Islamabad, Islamabad Capital",Islamabad,House,Other Main Features,02,02,1,6,1,https://www.zameen.com/Property/dha_defence_dha_defence_phase_5_5_marla_house_in_central_dha_defence_phase_5_for_sale-54013076-10991-1.html
30 Crore,1.3 Kanal,9 Beds,7 Baths,"F-11, Islamabad, Islamabad Capital",Islamabad,House,Furnished,,30,1,1,1,https://www.zameen.com/Property/f_11_f-11_2_f-11_2_brand_new_9-bedroom_fully-furnished_house_-_new_666_yards_full_basement_price_30_crores-52809449-3283-1.html
30 Crore,1.3 Kanal,9 Beds,7 Baths,"F-11, Islamabad, Islamabad Capital",Islamabad,House,Furnished,,1,1,1,1,https://www.zameen.com/Property/islamabad_f-11_f-11_2_brand_new_luxury_666-yard_fully-furnished_house_-_9_beds_full_basement_price_30_crores-52809414-163-1.html
70 Crore,2.2 Kanal,10 Beds,7 Baths,"F-10, Islamabad, Islamabad Capital",Islamabad,House,Furnished,,6,1,3,1,https://www.zameen.com/Property/islamabad_f-10_f-10_ultra-luxury_1111_yards_10-bed_prestigious_residence_designed_for_high-profile_families_ample_parking_for_6_suvs_vigoes_price_70_crores-53717731-162-1.html
13.5 Crore,10 Marla,5 Beds,6 Baths,"D-12, Islamabad, Islamabad Capital",Islamabad,House,Furnished,2,1,2,1,1,https://www.zameen.com/Property/d_12_d-12_4_d12_4_luxury_furnished_brand_new_double_storey_house_5_bed_attach_bath-53337440-3157-1.html
1.4 Crore,5 Marla,3 Beds,2 Baths,"Bani Gala, Islamabad, Islamabad Capital",Islamabad,House,Furnished,1,1,1,1,1,https://www.zameen.com/Property/islamabad_bani_gala_1_5_storey_house-54188082-340-1.html
18 Crore,1 Kanal,5 Beds,5 Baths,"F-10, Islamabad, Islamabad Capital",Islamabad,House,Furnished,4,1,2,2,1,https://www.zameen.com/Property/islamabad_f-10_double_storey_house_for_sale_f_10-53749808-162-1.html
24.5 Crore,1 Kanal,5 Beds,5 Baths,"F-10, Islamabad, Islamabad Capital",Islamabad,House,Furnished,5,1,1,1,1,https://www.zameen.com/Property/islamabad_f-10_brand_new_house_for_sale_in_f-10-53750391-162-1.html
17.5 Crore,1 Kanal,6 Beds,6 Baths,"F-10, Islamabad, Islamabad Capital",Islamabad,House,Furnished,5,1,1,1,1,https://www.zameen.com/Property/islamabad_f-10_investor_price_house_for_sale_in_f-10-53763181-162-1.html
14.25 Crore,1 Kanal,5 Beds,6 Baths,"DHA Defence, Islamabad, Islamabad Capital",Islamabad,House,Furnished,4,1,2,1,1,https://www.zameen.com/Property/dha_defence_dha_defence_phase_2_elegant_design_1_kanal_brand_new_designer_house_ready_for_sale_in_dha_defence_phase_2_islamabad-54251380-339-1.html
12.8 Crore,1 Kanal,6 Beds,6 Baths,"DHA Defence, Islamabad, Islamabad Capital",Islamabad,House,Furnished,3,1,2,1,1,https://www.zameen.com/Property/dha_defence_dha_defence_phase_2_straight_line_design_1_kanal_brand_new_house_dha_defence_phase_2_islamabad-54246163-339-1.html
9.5 Crore,1 Kanal,5 Beds,6 Baths,"DHA Defence, Islamabad, Islamabad Capital",Islamabad,House,Furnished,3,1,2,1,1,https://www.zameen.com/Property/dha_defence_dha_defence_phase_2_spanish_design_1_kanal_brand_new_designer_house_ready_for_sale_in_dha_defence_phase_2_islamabad-54246424-339-1.html
3.75 Crore,4 Marla,5 Beds,5 Baths,"G-13, Islamabad, Islamabad Capital",Islamabad,House,Furnished,4,1,1,1,1,https://www.zameen.com/Property/islamabad_g-13_25_40_4_marla_house_for_sale_in_g-13_islamabad-54203772-330-1.html
3.2 Crore,5 Marla,3 Beds,5 Baths,"B-17, Islamabad, Islamabad Capital",Islamabad,House,Electricity Backup,1,1,1,1,2,https://www.zameen.com/Property/b_17_faisal_margalla_city_5_marla_brand_new_double_storey_single_unit_house_for_sale_in_faisal_margala_city_b-17_islamabad-54254838-13424-1.html
22 Crore,1 Kanal,5 Beds,5 Baths,"F-8, Islamabad, Islamabad Capital",Islamabad,House,Furnished,1,1,1,1,1,https://www.zameen.com/Property/islamabad_f-8_demolishable_house_available_for_sale-50149107-166-1.html
30 Crore,2 Kanal,10 Beds,-,"F-8, Islamabad, Islamabad Capital",Islamabad,House,Furnished,5,2,1,1,1,https://www.zameen.com/Property/islamabad_f-8_magnificent_10-bed_residence_in_prime_f-8_location_-_cda_transfer-49706464-166-1.html
26 Crore,1.3 Kanal,6 Beds,6 Baths,"F-8, Islamabad, Islamabad Capital",Islamabad,House,Furnished,,1,1,2,1,https://www.zameen.com/Property/islamabad_f-8_house_for_sale_with_extra_land-49330955-166-1.html
65 Crore,4 Kanal,8 Beds,6 Baths,"F-8, Islamabad, Islamabad Capital",Islamabad,House,Furnished,,1,2,2,1,https://www.zameen.com/Property/islamabad_f-8_luxurious_mansion_for_sale_in_f-8_sector_-_prime_location_exclusive_features-49610246-166-1.html
5.25 Crore,6 Marla,4 Beds,4 Baths,"I-10, Islamabad, Islamabad Capital",Islamabad,House,Furnished,2,,,1,1,https://www.zameen.com/Property/i_10_i-10_2_i_10_2_new_house_25x60_for_sale_real_pics_attached-54201625-3421-1.html
1.8 Crore,5 Marla,4 Beds,5 Baths,"National Police Foundation O-9, Islamabad, Islamabad Capital",Islamabad,House,Furnished,01,1,2,1,1,https://www.zameen.com/Property/national_police_foundation_o_9_national_police_foundation_o-9_-_block_c_5_marla_house_for_sale_on_best_price-52297252-16427-1.html
6.25 Crore,10 Marla,5 Beds,6 Baths,"Bahria Town, Islamabad, Islamabad Capital",Islamabad,House,,,1,,2,1,https://www.zameen.com/Property/bahria_enclave_bahria_enclave_-_sector_c1_new_designer_house-53090277-11987-1.html
6.4 Crore,10 Marla,5 Beds,5 Baths,"DHA Defence, Islamabad, Islamabad Capital",Islamabad,House,Furnished,4,1,2,2,1,https://www.zameen.com/Property/dha_defence_dha_defence_phase_5_10_marla_brand_new_house_in_dha_phase_5-52716846-10991-1.html
9.5 Crore,1 Kanal,5 Beds,7 Baths,"DHA Defence, Islamabad, Islamabad Capital",Islamabad,House,Furnished,3,1,2,1,1,https://www.zameen.com/Property/dha_defence_dha_defence_phase_2_brand_new_1_kanal_luxurious_house_for_sale-52964109-339-1.html
16 Crore,2.5 Kanal,4 Beds,5 Baths,"DHA Defence, Islamabad, Islamabad Capital",Islamabad,House,Furnished,4,1,1,1,1,https://www.zameen.com/Property/dha_defence_phase_5_dha_phase_5_-_sector_c_2_5_kanal_luxury_designer_house_for_sale_prime_location_15_kva_solar_near_park_mosque-54042967-8402-1.html
4.55 Crore,10 Marla,4 Beds,6 Baths,"River Garden, Islamabad, Islamabad Capital",Islamabad,House,,,1,,,,https://www.zameen.com/Property/islamabad_river_garden_10_marla_house_duble_story_available_for_sale_in_river_garden_islamabad-54010285-1457-1.html
10.9 Crore,1 Kanal,5 Beds,6 Baths,"DHA Defence, Islamabad, Islamabad Capital",Islamabad,House,Other Main Features,3,2,3,1,2,https://www.zameen.com/Property/dha_defence_dha_defence_phase_2_luxury_designer_house_for_sale_near_family_park-52503543-339-1.html
78 Lakh,5 Marla,2 Beds,2 Baths,"DHA Defence, Islamabad, Islamabad Capital",Islamabad,House,Floors: 1,,,1,2,1,https://www.zameen.com/Property/dha_valley_dha_valley_-_lilly_sector_brand_new_5_marla_single_storey_corner_house_dha_phase_7_rawalpindi-53315739-3214-1.html
1.65 Crore,8 Marla,3 Beds,3 Baths,"DHA Defence, Islamabad, Islamabad Capital",Islamabad,House,Other Main Features,2,2,1,1,1,https://www.zameen.com/Property/dha_valley_oleander_sector_oleander_sector_-_dha_homes_block_a_premium_8_marla_corner_villa_in_oleander_dha_phase_7-53442850-16792-1.html
78 Lakh,5 Marla,2 Beds,2 Baths,"DHA Defence, Islamabad, Islamabad Capital",Islamabad,House,Furnished,1,1,1,1,1,https://www.zameen.com/Property/dha_valley_dha_valley_-_oleander_sector_modern_5_marla_house_with_garden_2_bedrooms_car_porch_ideal_family_home-53442940-3213-1.html
1.56 Crore,8 Marla,3 Beds,3 Baths,"DHA Defence, Islamabad, Islamabad Capital",Islamabad,House,Furnished,2,2,1,1,1,https://www.zameen.com/Property/dha_valley_oleander_sector_oleander_sector_-_dha_homes_block_a_main_boulevard_facing_8_marla_double_storey_house_dha_phase_7_rawalpindi-53319762-16792-1.html
79 Lakh,5 Marla,2 Beds,2 Baths,"DHA Defence, Islamabad, Islamabad Capital",Islamabad,House,Furnished,1,1,1,1,1,https://www.zameen.com/Property/dha_valley_dha_valley_-_oleander_sector_beautiful_5_marla_family_house_for_sale_2_beds_tv_lounge_garden_parking-53442968-3213-1.html
11.9 Crore,1 Kanal,5 Beds,6 Baths,"DHA Defence, Islamabad, Islamabad Capital",Islamabad,House,Other Main Features,3,2,2,2,1,https://www.zameen.com/Property/dha_defence_dha_defence_phase_2_dha_phase_2_one_kanal_brand_new_luxurious_designer_house-52691375-339-1.html
12.9 Crore,1 Kanal,5 Beds,6 Baths,"DHA Defence, Islamabad, Islamabad Capital",Islamabad,House,Other Main Features,3,2,2,2,1,https://www.zameen.com/Property/dha_defence_dha_defence_phase_2_dha_2_one_kanal_brand_new_luxurious_designer_house-52696249-339-1.html
15.5 Crore,1 Kanal,6 Beds,7 Baths,"DHA Defence, Islamabad, Islamabad Capital",Islamabad,House,Other Main Features,3,1,1,2,1,https://www.zameen.com/Property/dha_defence_dha_defence_phase_2_1_kanal_elegant_designer_house_with_basement_up_for_sale-54254728-339-1.html
6.7 Crore,10 Marla,4 Beds,5 Baths,"DHA Defence, Islamabad, Islamabad Capital",Islamabad,House,Furnished,2,1,1,1,1,https://www.zameen.com/Property/dha_defence_dha_defence_phase_2_10_marla_designer_beautiful_house_for_sale_in_dha_phase_2_islamabad-54109059-339-1.html
12.5 Crore,1 Kanal,5 Beds,6 Baths,"DHA Defence, Islamabad, Islamabad Capital",Islamabad,House,Furnished,3,3,2,1,1,https://www.zameen.com/Property/dha_defence_dha_defence_phase_2_1_kanal_designer_house_available_for_sale_in_dha_phase_2_islamabad-53506288-339-1.html
12.5 Crore,1 Kanal,8 Beds,7 Baths,"DHA Defence, Islamabad, Islamabad Capital",Islamabad,House,Furnished,3,2,1,1,1,https://www.zameen.com/Property/dha_defence_dha_defence_phase_2_1_kanal_luxury_house_with_swimming_pool_for_sale_in_dha_phase_2_islamabad-54241926-339-1.html
12 Crore,14 Marla,6 Beds,6 Baths,"G-13, Islamabad, Islamabad Capital",Islamabad,House,Other Main Features,3,2,2,1,2,https://www.zameen.com/Property/islamabad_g-13_40x80_brand_new_luxury_house_for_sale_in_g-13_islamabad-53987563-330-1.html
5.65 Crore,7 Marla,5 Beds,6 Baths,"G-13, Islamabad, Islamabad Capital",Islamabad,House,Furnished,2,1,1,2,1,https://www.zameen.com/Property/islamabad_g-13_7_marla_double_storey_house_for_sale_in_g-13_islamabad-52016529-330-1.html
2.75 Crore,5 Marla,3 Beds,4 Baths,"Bahria Town, Islamabad, Islamabad Capital",Islamabad,House,Other Main Features,1,1,1,1,1,https://www.zameen.com/Property/bahria_town_bahria_enclave_house_in_bahria_enclave_for_sale-48266498-1705-1.html
13.85 Crore,1 Kanal,5 Beds,5 Baths,"DHA Defence, Islamabad, Islamabad Capital",Islamabad,House,Floors: 2,3,,,1,,https://www.zameen.com/Property/dha_defence_dha_defence_phase_2_dha_phase_2_one_kanal_house-54221194-339-1.html
49.5 Crore,1.3 Kanal,-,-,"F-7, Islamabad, Islamabad Capital",Islamabad,House,,Furnished,,,,,https://www.zameen.com/Property/islamabad_f-7_f-7_islamabad_666_sq_yards_house_4_kanal_extra_corner_land_dead-end_street_rare_opportunity-53980473-165-1.html
5 Crore,1 Kanal,7 Beds,6 Baths,"Top City 1, Islamabad, Islamabad Capital",Islamabad,House,Other Main Features,4,2,2,2,1,https://www.zameen.com/Property/islamabad_top_city_1_a_beautiful_park_face_grey_structure_available_for_sale-54151640-1383-1.html
4.44 Crore,4 Marla,5 Beds,5 Baths,"G-13, Islamabad, Islamabad Capital",Islamabad,House,Other Main Features,,,,,,https://www.zameen.com/Property/g_13_g-13_4_designer_house_brand_new_for_sale_25_40-53788429-3340-1.html
10.5 Crore,1 Kanal,6 Beds,6 Baths,"DHA Defence, Islamabad, Islamabad Capital",Islamabad,House,Furnished,3,2,2,2,1,https://www.zameen.com/Property/dha_defence_dha_defence_phase_2_1_kanal_practical_house_for_sale_in_dha_phase_2_islamabad-54221363-339-1.html
3.85 Crore,9.3 Marla,4 Beds,5 Baths,"D-17, Islamabad, Islamabad Capital",Islamabad,House,,,,,,,https://www.zameen.com/Property/d_17_margalla_view_housing_society_a_spacious_2100_square_feet_house_in_margalla_view_housing_society-54248090-3160-1.html
2.95 Crore,5 Marla,4 Beds,4 Baths,"Faisal Town - F-18, Islamabad, Islamabad Capital",Islamabad,House,,,,,1,1,https://www.zameen.com/Property/faisal_town_phase_1_faisal_town_phase_1_-_block_c_house_is_available_for_sale-54248134-16418-1.html
2.5 Crore,5 Marla,4 Beds,4 Baths,"Faisal Hills, Islamabad, Islamabad Capital",Islamabad,House,Furnished,,1,1,1,1,https://www.zameen.com/Property/faisal_hills_canary_residency_luxury_furnished_corner_villa_for_sale_in_faisal_hills_canary_villas-54242135-18223-1.html
2.1 Crore,5 Marla,4 Beds,4 Baths,"Faisal Hills, Islamabad, Islamabad Capital",Islamabad,House,Furnished,,1,1,1,1,https://www.zameen.com/Property/faisal_hills_canary_residency_canary_villas_non_corner_5_marla_luxury_villa_in_faisal_hills-54242134-18223-1.html
9.25 Crore,1 Kanal,6 Beds,6 Baths,"DHA Defence, Islamabad, Islamabad Capital",Islamabad,House,Furnished,3,2,3,1,2,https://www.zameen.com/Property/dha_defence_dha_defence_phase_2_luxury_house_brand_new_for_sale_at_reasonable_demand-52503565-339-1.html
16 Crore,1 Kanal,5 Beds,5 Baths,"DHA Defence, Islamabad, Islamabad Capital",Islamabad,House,Floors: 2,3,1,1,1,1,https://www.zameen.com/Property/dha_defence_phase_2_dha_phase_2_-_sector_f_elegant_designer_house_avaliable-54250406-3201-1.html
2.3 Crore,5 Marla,6 Beds,7 Baths,"H-13, Islamabad, Islamabad Capital",Islamabad,House,Furnished,,1,1,3,1,https://www.zameen.com/Property/islamabad_h-13_5_marla_triple_storey_house_for_sale-52696774-1039-1.html
1.35 Crore,5 Marla,3 Beds,4 Baths,"H-13, Islamabad, Islamabad Capital",Islamabad,House,Other Main Features,1,1,,1,1,https://www.zameen.com/Property/islamabad_h-13_brand_new_house_is_available_for_sale-52725018-1039-1.html
79 Lakh,5 Marla,2 Beds,2 Baths,"DHA Defence, Islamabad, Islamabad Capital",Islamabad,House,Furnished,1,1,1,1,1,https://www.zameen.com/Property/dha_valley_dha_valley_-_lilly_sector_stylish_5_marla_home_for_small_families_functional_layout_modern_finish-53443930-3214-1.html
83 Lakh,5 Marla,2 Beds,2 Baths,"DHA Defence, Islamabad, Islamabad Capital",Islamabad,House,Furnished,1,1,1,1,1,https://www.zameen.com/Property/dha_valley_dha_valley_-_lilly_sector_elegant_5_marla_house_with_front_garden_2_bedrooms_tv_lounge-53443970-3214-1.html
78 Lakh,5 Marla,2 Beds,2 Baths,"DHA Defence, Islamabad, Islamabad Capital",Islamabad,House,Furnished,1,1,1,1,1,https://www.zameen.com/Property/dha_valley_dha_valley_-_oleander_sector_stylish_5_marla_single-unit_house_with_tv_lounge_and_garden-53444146-3213-1.html
5.7 Crore,7 Marla,5 Beds,6 Baths,"G-13, Islamabad, Islamabad Capital",Islamabad,House,Other Main Features,2,1,,1,2,https://www.zameen.com/Property/islamabad_g-13_30x60_double_storey_double_unit_house_for_sale_in_g-13_islamabad-53934508-330-1.html
9 Crore,10 Marla,7 Beds,6 Baths,"G-13, Islamabad, Islamabad Capital",Islamabad,House,Furnished,3,1,1,2,1,https://www.zameen.com/Property/islamabad_g-13_10_marla_classical_design_brand_new_house_for_sale_in_g-13_islamabad-52206044-330-1.html
15.5 Crore,1 Kanal,6 Beds,6 Baths,"G-13, Islamabad, Islamabad Capital",Islamabad,House,Other Main Features,4,1,2,1,1,https://www.zameen.com/Property/islamabad_g-13_1_kanal_50x90_luxurious_house_for_sale_in_g-13_islamabad-52206027-330-1.html
8.5 Crore,10 Marla,6 Beds,6 Baths,"G-13, Islamabad, Islamabad Capital",Islamabad,House,Other Main Features,3,1,1,2,3,https://www.zameen.com/Property/islamabad_g-13_10_marla_double_storey_double_unit_house_for_sale_in_g-13-52683224-330-1.html
15.5 Crore,1 Kanal,7 Beds,6 Baths,"G-13, Islamabad, Islamabad Capital",Islamabad,House,Furnished,4,1,2,1,1,https://www.zameen.com/Property/islamabad_g-13_1_kanal_luxury_house_brand_new_double_storey_for_sale_in_g-13_islamabad-52662528-330-1.html
8.5 Crore,10 Marla,6 Beds,6 Baths,"G-13, Islamabad, Islamabad Capital",Islamabad,House,Furnished,3,1,1,1,1,https://www.zameen.com/Property/islamabad_g-13_g-13_islamabad_35x70_brand_new_double_storey_house_for_sale-52833119-330-1.html
5.2 Crore,10 Marla,5 Beds,6 Baths,"Top City 1, Islamabad, Islamabad Capital",Islamabad,House,,,,,1,1,https://www.zameen.com/Property/top_city_1_top_city_1_-_block_a_house_of_10_marla_available_for_sale_in_top_city_1_-_block_a-54218675-9231-1.html
7.8 Crore,10 Marla,6 Beds,6 Baths,"G-13, Islamabad, Islamabad Capital",Islamabad,House,Furnished,2,1,1,2,1,https://www.zameen.com/Property/islamabad_g-13_10_marla_double_storey_low_price_house_for_sale_g-13_islamabad_prime_location-52853326-330-1.html
15.8 Crore,1 Kanal,5 Beds,6 Baths,"DHA Defence, Islamabad, Islamabad Capital",Islamabad,House,Floors: 3,4,,2,2,1,https://www.zameen.com/Property/dha_defence_dha_defence_phase_2_luxurious_1_kanal_pool_house_for_sale-53935354-339-1.html
7.8 Crore,10 Marla,5 Beds,6 Baths,"DHA Defence, Islamabad, Islamabad Capital",Islamabad,House,Other Main Features,2,1,2,1,1,https://www.zameen.com/Property/dha_defence_dha_defence_phase_5_designer_10_marla_house_for_sale_dha_phase_5_islamabad-53792126-10991-1.html
5.7 Crore,10 Marla,5 Beds,6 Baths,"Bahria Town, Islamabad, Islamabad Capital",Islamabad,House,Other Main Features,2,1,2,1,1,https://www.zameen.com/Property/bahria_enclave_bahria_enclave_-_sector_c1_10_marla_elegant_house_available_for_sale_in_sector_c1-54180207-11987-1.html
8 Crore,1 Kanal,7 Beds,7 Baths,"Top City 1, Islamabad, Islamabad Capital",Islamabad,House,Furnished,2,1,1,2,1,https://www.zameen.com/Property/islamabad_top_city_1_corner_1_kanal_house_for_sale-54183915-1383-1.html
3.85 Crore,10 Marla,5 Beds,6 Baths,"Top City 1, Islamabad, Islamabad Capital",Islamabad,House,Other Main Features,2,1,1,1,1,https://www.zameen.com/Property/islamabad_top_city_1_10_marla_house_for_sale_in_top_city-54145933-1383-1.html
13.5 Crore,14.2 Marla,9 Beds,7 Baths,"G-11, Islamabad, Islamabad Capital",Islamabad,House,Floors: 3,5,1,1,3,1,https://www.zameen.com/Property/islamabad_g-11_luxury_triple_story_house_40x80_for_sale_in_g-11_2_islamabad-54249820-168-1.html
3.1 Crore,8 Marla,4 Beds,6 Baths,"B-17, Islamabad, Islamabad Capital",Islamabad,House,,Electricity Backup,,,2,1,https://www.zameen.com/Property/islamabad_b-17_double_storey_8_marla_house_available_in_b-17_for_sale-54183264-616-1.html
3.2 Crore,6 Marla,5 Beds,6 Baths,"I-14, Islamabad, Islamabad Capital",Islamabad,House,Other Main Features,1,,,,,https://www.zameen.com/Property/i_14_i-14_1_corner_house_25x60_in_i-14_1_near_from_park_and_main_road-54249739-8340-1.html
2.62 Crore,5 Marla,3 Beds,4 Baths,"Bahria Town, Islamabad, Islamabad Capital",Islamabad,House,Other Main Features,4,1,1,2,1,https://www.zameen.com/Property/bahria_enclave_bahria_enclave_-_sector_i_5_marla_house_for_sale-54249660-11982-1.html
3.6 Crore,10 Marla,5 Beds,7 Baths,"D-17, Islamabad, Islamabad Capital",Islamabad,House,Floors,,30,1,2,1,https://www.zameen.com/Property/islamabad_d-17_10_marla_brand_new_double_storey_house_available_for_sale-54186482-737-1.html
16 Crore,2.3 Kanal,5 Beds,5 Baths,"DHA Defence, Islamabad, Islamabad Capital",Islamabad,House,Furnished,3,2,1,2,1,https://www.zameen.com/Property/dha_defence_phase_5_dha_phase_5_-_sector_c_top_heighted_luxurious_5_bed_house_available-54239386-8402-1.html
7.5 Crore,10 Marla,5 Beds,5 Baths,"DHA Defence, Islamabad, Islamabad Capital",Islamabad,House,Other Main Features,2,1,1,1,1,https://www.zameen.com/Property/dha_defence_phase_2_dha_phase_2_-_sector_j_luxurious_5_bed_single_unit_house-54200621-8399-1.html
78 Lakh,5 Marla,2 Beds,2 Baths,"DHA Defence, Islamabad, Islamabad Capital",Islamabad,House,Furnished,1,1,1,1,1,https://www.zameen.com/Property/dha_valley_dha_valley_-_oleander_sector_perfect_5_marla_family_house_functional_spaces_with_garden-53444155-3213-1.html
75 Lakh,3 Marla,3 Beds,3 Baths,"H-13, Islamabad, Islamabad Capital",Islamabad,House,Other Main Features,1,1,2,1,7500000,https://www.zameen.com/Property/islamabad_h-13_new_house_for_sale-52738838-1039-1.html
6.75 Crore,8 Marla,5 Beds,6 Baths,"G-13, Islamabad, Islamabad Capital",Islamabad,House,Other Main Features,2,1,1,1,2,https://www.zameen.com/Property/g_13_g-13_2_8_marla_brand_new_house_for_sale_g-13_2_islamabad-54159477-3338-1.html
6.15 Crore,8 Marla,5 Beds,6 Baths,"G-13, Islamabad, Islamabad Capital",Islamabad,House,Other Main Features,,1,1,2,1,https://www.zameen.com/Property/g_13_g-13_2_8_marla_short_corner_house_like_brand_new_available_for_sale_g-13_2-54181679-3338-1.html
6 Crore,8 Marla,5 Beds,6 Baths,"G-14, Islamabad, Islamabad Capital",Islamabad,House,Other Main Features,,1,1,1,1,https://www.zameen.com/Property/g_14_g-14_3_ultra_luxury_brand_new_house_for_sale_g-14_3-54213221-3345-1.html
6.65 Crore,7 Marla,6 Beds,6 Baths,"G-13, Islamabad, Islamabad Capital",Islamabad,House,Furnished,2,1,1,1,1,https://www.zameen.com/Property/islamabad_g-13_30x60_brand_new_house_for_sale_in_g-13_islamabad-52894867-330-1.html
8.5 Crore,10 Marla,6 Beds,6 Baths,"G-13, Islamabad, Islamabad Capital",Islamabad,House,Other Main Features,3,1,1,3,1,https://www.zameen.com/Property/islamabad_g-13_35x70_classical_design_brand_new_house_for_sale_in_g-13_islamabad-52899461-330-1.html
13.9 Crore,1 Kanal,5 Beds,6 Baths,"DHA Defence, Islamabad, Islamabad Capital",Islamabad,House,Other Main Features,3,1,1,2,1,https://www.zameen.com/Property/dha_defence_dha_defence_phase_2_most_beautiful_design_of_1_kanal_house_up_for_sale-54254670-339-1.html
3.6 Crore,10 Marla,6 Beds,6 Baths,"D-17, Islamabad, Islamabad Capital",Islamabad,House,,Other Main Features,1,,,1,https://www.zameen.com/Property/islamabad_d-17_luxury_10_marla_house_for_sale-54224297-737-1.html
2.9 Crore,7 Marla,5 Beds,5 Baths,"FECHS, Islamabad, Islamabad Capital",Islamabad,House,Other Main Features,,1,1,3,1,https://www.zameen.com/Property/fechs_jinnah_gardens_7_marla_modern_house_for_sale_jinnah_garden-54218309-1420-1.html
9.55 Crore,1 Kanal,7 Beds,6 Baths,"Gulberg, Islamabad, Islamabad Capital",Islamabad,House,Other Main Features,2,1,,1,1,https://www.zameen.com/Property/gulberg_residencia_gulberg_residencia_-_block_j_grey_structure_solid_a_construction_with_basement_prime_location_solid_construction_cda_approved_layout-53511816-9120-1.html
14.8 Crore,1 Kanal,5 Beds,6 Baths,"DHA Defence, Islamabad, Islamabad Capital",Islamabad,House,Other Main Features,3,1,1,2,1,https://www.zameen.com/Property/dha_defence_dha_defence_phase_2_1_kanal_elegant_design_bungalow_up_for_sale-54254635-339-1.html
26 Crore,2.6 Kanal,7 Beds,7 Baths,"Bahria Town, Islamabad, Islamabad Capital",Islamabad,House,Floors: 3,,1,3,1,1,https://www.zameen.com/Property/islamabad_bahria_town_7_bed_luxury_mansion_with_lift_solar_for_sale_in_islamabad-54254618-383-1.html
6.2 Crore,10 Marla,5 Beds,6 Baths,"Bahria Town, Islamabad, Islamabad Capital",Islamabad,House,Other Main Features,2,1,1,2,1,https://www.zameen.com/Property/bahria_enclave_bahria_enclave_-_sector_a_bahria_enclave_islamabad_sector_a_10_marla_lop_clear_semi_corner_sun_face_modern_houseavailable-54175507-11970-1.html
24 Crore,1.2 Kanal,9 Beds,-,"D-12, Islamabad, Islamabad Capital",Islamabad,House,Furnished,1,6,1,3,1,https://www.zameen.com/Property/d_12_d-12_3_stunning_and_affordable_house_available_for_sale_in_d-12_3-54065548-3156-1.html
15.3 Crore,14 Marla,5 Beds,5 Baths,"D-12, Islamabad, Islamabad Capital",Islamabad,House,,12,2,,2,1,https://www.zameen.com/Property/islamabad_d-12_14_marla_spacious_house_is_available_in_d-12_for_sale-54065484-160-1.html
5.4 Crore,5 Marla,4 Beds,5 Baths,"D-12, Islamabad, Islamabad Capital",Islamabad,House,Furnished,1,1,1,5,1,https://www.zameen.com/Property/islamabad_d-12_ideal_house_for_sale_in_d-12-54047031-160-1.html
7.5 Crore,5 Marla,5 Beds,5 Baths,"D-12, Islamabad, Islamabad Capital",Islamabad,House,,200,1,,1,1,https://www.zameen.com/Property/islamabad_d-12_5_marla_house_for_sale_in_d-12-54178352-160-1.html
11 Crore,1 Kanal,10 Beds,6 Baths,"Top City 1, Islamabad, Islamabad Capital",Islamabad,House,Furnished,3,1,2,3,1,https://www.zameen.com/Property/top_city_1_top_city_1_-_block_b_one_kanal_brand_new_house_with_full_basement-54128610-9230-1.html
4.2 Crore,8 Marla,5 Beds,5 Baths,"Faisal Town - F-18, Islamabad, Islamabad Capital",Islamabad,House,,,1,1,2,1,https://www.zameen.com/Property/faisal_town_phase_1_faisal_town_phase_1_-_block_a_1800_square_feet_house_is_available_for_sale-54174504-16416-1.html
4 Crore,8 Marla,5 Beds,5 Baths,"Faisal Town - F-18, Islamabad, Islamabad Capital",Islamabad,House,,,,1,2,1,https://www.zameen.com/Property/faisal_town_phase_1_faisal_town_phase_1_-_block_a_buy_your_ideal_1800_square_feet_house_in_a_prime_location_of_islamabad-54174506-16416-1.html
6.75 Crore,12 Marla,6 Beds,6 Baths,"FECHS, Islamabad, Islamabad Capital",Islamabad,House,,,,,2,1,https://www.zameen.com/Property/jinnah_gardens_jinnah_gardens_phase_1_prime_location_jinnah_gardens_phase_1_house_sized_12_marla_is_available-54140569-1421-1.html
6.7 Crore,12 Marla,6 Beds,6 Baths,"FECHS, Islamabad, Islamabad Capital",Islamabad,House,,Flooring,1,,2,1,https://www.zameen.com/Property/jinnah_gardens_jinnah_gardens_phase_1_in_islamabad_you_can_find_the_perfect_prime_location_house_for_sale-54140571-1421-1.html
1.95 Crore,5 Marla,3 Beds,4 Baths,"B-17, Islamabad, Islamabad Capital",Islamabad,House,Furnished,2,1,3,1,1,https://www.zameen.com/Property/mpchs_multi_gardens_mpchs_-_block_f_beautiful_5_marla_single_unit_house_for_sale_available_in_f_block_mpchs_b-17_islamabad-53711145-8527-1.html
2.5 Crore,5 Marla,4 Beds,6 Baths,"B-17, Islamabad, Islamabad Capital",Islamabad,House,Other Main Features,1,1,1,1,1,https://www.zameen.com/Property/b_17_mpchs_-_multi_gardens_5_marla_25x50_designer_double_heighted_hybrid_unit_house_for_sale_in_mpchs_multi_garden_b-17_islamabad-53983463-3115-1.html
1.9 Crore,6 Marla,4 Beds,2 Baths,"Kuri Road, Islamabad, Islamabad Capital",Islamabad,House,Furnished,,1,1,1,1,https://www.zameen.com/Property/islamabad_kuri_road_6_marla_double_storey_house_near_kuri_road-53403837-10322-1.html
3.3 Crore,4 Marla,4 Beds,4 Baths,"G-13, Islamabad, Islamabad Capital",Islamabad,House,,,,,2,1,https://www.zameen.com/Property/islamabad_g-13_g-13_25x40_house_available_for_sale-54113653-330-1.html
4 Crore,4 Marla,4 Beds,4 Baths,"G-13, Islamabad, Islamabad Capital",Islamabad,House,Furnished,4,2,2,2,1,https://www.zameen.com/Property/islamabad_g-13_g-13_25x40_brand_new_house_available_for_sale-54219593-330-1.html
7 Crore,1 Kanal,7 Beds,6 Baths,"G-16, Islamabad, Islamabad Capital",Islamabad,House,Waste Disposal,24,1,1,3,2,https://www.zameen.com/Property/islamabad_g-16_50_x90_1_kanal_aaa_quality_owner_built_house_located_in_g-16_4_islamabad-54143205-580-1.html
4 Crore,7 Marla,4 Beds,5 Baths,"Gulberg, Islamabad, Islamabad Capital",Islamabad,House,Other Main Features,1,,1,1,1,https://www.zameen.com/Property/gulberg_residencia_gulberg_residencia_-_block_l_gulberg_residencia_islamabad_blok_l_very_good_location_surface_house-53623122-9122-1.html
15.5 Crore,1 Kanal,5 Beds,5 Baths,"Bahria Town, Islamabad, Islamabad Capital",Islamabad,House,Furnished,3,1,1,1,1,https://www.zameen.com/Property/bahria_enclave_bahria_enclave_-_sector_c_prime_location_1kanal_with_extra_land_5bedrooms_fully_furnished_house_available_for_sale_in_bahria_enclave_islamabad_sector_c-53527545-11973-1.html
6 Crore,10 Marla,5 Beds,5 Baths,"Bahria Town, Islamabad, Islamabad Capital",Islamabad,House,,,1,,1,1,https://www.zameen.com/Property/bahria_town_bahria_enclave_prime_location_10_marla_5bedrooms_brand_new_house_for_sale_in_bahria_enclave_islamabad-53141738-1705-1.html
26 Crore,2.6 Kanal,7 Beds,7 Baths,"DHA Defence, Islamabad, Islamabad Capital",Islamabad,House,Floors: 3,,1,3,1,1,https://www.zameen.com/Property/dha_defence_dha_defence_phase_2_25_kva_solar_private_lift_sauna_50_marla_ultimate_luxury_villa-54254594-339-1.html
26 Crore,2.6 Kanal,7 Beds,7 Baths,"DHA Defence, Islamabad, Islamabad Capital",Islamabad,House,Floors: 3,,1,3,1,1,https://www.zameen.com/Property/dha_defence_dha_defence_phase_1_50_marla_architectural_masterpiece_villa_for_sale_in_islamabad-54254585-376-1.html
8.5 Crore,1 Kanal,6 Beds,6 Baths,"DHA Defence, Islamabad, Islamabad Capital",Islamabad,House,Furnished,3,1,2,1,1,https://www.zameen.com/Property/dha_defence_dha_defence_phase_2_owner_built_house_ready_for_sale_in_dha_defence_phase_2_islamabad-54247479-339-1.html
9 Crore,1 Kanal,6 Beds,6 Baths,"DHA Defence, Islamabad, Islamabad Capital",Islamabad,House,Furnished,3,1,2,1,1,https://www.zameen.com/Property/dha_defence_dha_defence_phase_2_western_design_1_kanal_brand_new_house_ready_for_sale_in_dha_defence_phase_2_islamabad-54251332-339-1.html
11 Crore,1 Kanal,5 Beds,6 Baths,"DHA Defence, Islamabad, Islamabad Capital",Islamabad,House,Furnished,3,1,1,1,1,https://www.zameen.com/Property/dha_defence_dha_defence_phase_2_elegant_design_1_kanal_brand_new_designer_house_ready_for_sale_in_dha_defence_phase_2_islamabad-54246221-339-1.html
45 Crore,19 Marla,6 Beds,7 Baths,"F-8, Islamabad, Islamabad Capital",Islamabad,House,Other Main Features,2,1,1,5,1,https://www.zameen.com/Property/islamabad_f-8_modern_masterpiece_new_6-bed_luxury_villa_with_pool_margalla_views-54048720-166-1.html
4.5 Crore,5 Marla,3 Beds,3 Baths,"D-12, Islamabad, Islamabad Capital",Islamabad,House,Furnished,1,1,1,1,1,https://www.zameen.com/Property/islamabad_d-12_a_palatial_residence_for_sale_in_d-12_d-12-54178428-160-1.html
4.45 Crore,6 Marla,4 Beds,5 Baths,"I-11, Islamabad, Islamabad Capital",Islamabad,House,Other Main Features,,1,1,1,1,https://www.zameen.com/Property/islamabad_i-11_brand_new_6_marla_house_available_for_sale_in_i-11-53859565-706-1.html
3.25 Crore,4 Marla,5 Beds,5 Baths,"I-11, Islamabad, Islamabad Capital",Islamabad,House,Other Main Features,,,,2,,https://www.zameen.com/Property/islamabad_i-11_brand_new_double_storey_house_for_sale-53933357-706-1.html
12 Crore,10 Marla,5 Beds,6 Baths,"D-12, Islamabad, Islamabad Capital",Islamabad,House,Other Main Features,3,3,,1,1,https://www.zameen.com/Property/islamabad_d-12_beautiful_location_modern_luxury_house_for_sale_solid_construction-54156863-160-1.html
7.8 Crore,1 Kanal,6 Beds,7 Baths,"Top City 1, Islamabad, Islamabad Capital",Islamabad,House,Furnished,3,1,1,2,1,https://www.zameen.com/Property/islamabad_top_city_1_prime_location_20_marla_house_in_beautiful_location_of_top_city_1-54192013-1383-1.html
5.5 Crore,10 Marla,6 Beds,6 Baths,"FECHS, Islamabad, Islamabad Capital",Islamabad,House,,,,,2,1,https://www.zameen.com/Property/jinnah_gardens_jinnah_gardens_phase_1_spacious_prime_location_house_is_available_for_sale_in_ideal_location_of_jinnah_gardens_phase_1-54140570-1421-1.html
2.85 Crore,5 Marla,4 Beds,5 Baths,"FECHS, Islamabad, Islamabad Capital",Islamabad,House,Other Main Features,,,,1,2,https://www.zameen.com/Property/jinnah_gardens_jinnah_gardens_phase_1_house_for_sale-54158179-1421-1.html
3.85 Crore,3.6 Marla,4 Beds,3 Baths,"F-10, Islamabad, Islamabad Capital",Islamabad,House,,,,,2,,https://www.zameen.com/Property/f_10_f-10_3_new_house_2040_sector_f-10_3_sale_best_rent_location_vip-54249521-3278-1.html
6.25 Crore,10 Marla,6 Beds,6 Baths,"Top City 1, Islamabad, Islamabad Capital",Islamabad,House,Parking Spaces: 2,2,1,1,,1,https://www.zameen.com/Property/islamabad_top_city_1_double_road_corner_brand_new_designer_luxurious_house_available-54106109-1383-1.html
4.75 Crore,10 Marla,5 Beds,6 Baths,"Top City 1, Islamabad, Islamabad Capital",Islamabad,House,Furnished,1,1,,1,1,https://www.zameen.com/Property/top_city_1_top_city_1_-_block_d_house_of_10_marla_for_sale_in_top_city_1_-_block_d-53539037-9233-1.html
2.79 Crore,5 Marla,4 Beds,6 Baths,"B-17, Islamabad, Islamabad Capital",Islamabad,House,Other Main Features,1,1,1,1,1,https://www.zameen.com/Property/b_17_mpchs_-_multi_gardens_5_marla_25x50_brand_new_double_unit_house_for_sale_in_block_c1_mpchs_multi_garden_b-17_islamabad-54111272-3115-1.html
17.5 Crore,1 Kanal,7 Beds,6 Baths,"DHA Defence, Islamabad, Islamabad Capital",Islamabad,House,Furnished,3,1,2,1,1,https://www.zameen.com/Property/dha_defence_dha_defence_phase_2_top_of_the_line_brand_new_triple_storey_house_1_kanal_dha_phase_2_islamabad-54240717-339-1.html
3.55 Crore,7 Marla,4 Beds,5 Baths,"Soan Garden, Islamabad, Islamabad Capital",Islamabad,House,Furnished,2,,,1,,https://www.zameen.com/Property/soan_garden_soan_garden_-_block_f_7_marla_brand_new_house_available_for_sale_sowan_gardan-53728915-3496-1.html
14.9 Crore,14 Marla,7 Beds,6 Baths,"D-12, Islamabad, Islamabad Capital",Islamabad,House,Furnished,4,1,2,1,1,https://www.zameen.com/Property/islamabad_d-12_d_12_brand_new_house_available_40_80_facing_big_houses_and_sun_facing-54005368-160-1.html
1.35 Arab,5 Kanal,10 Beds,6 Baths,"F-6, Islamabad, Islamabad Capital",Islamabad,House,Furnished,20,6,4,3,1,https://www.zameen.com/Property/islamabad_f-6_f_6_2_100_225_corner_house_available_2_houses_build_in_this_plot-52281535-164-1.html
65 Crore,3.6 Kanal,7 Beds,6 Baths,"F-8, Islamabad, Islamabad Capital",Islamabad,House,Other Main Features,15,2,2,2,1,https://www.zameen.com/Property/f_8_f-8_3_f_8_3_house_available_1777_near_ismail_zebi_service_road_and_near_margla_road-52378030-3316-1.html
13 Crore,1 Kanal,5 Beds,6 Baths,"G-10, Islamabad, Islamabad Capital",Islamabad,House,Furnished,5,2,2,2,1,https://www.zameen.com/Property/g_10_g-10_2_g_10_2_50_90_old_house_available_on_beautiful_location-52410545-3325-1.html
26 Crore,1.3 Kanal,5 Beds,7 Baths,"F-6, Islamabad, Islamabad Capital",Islamabad,House,Other Main Features,4,2,1,1,1,https://www.zameen.com/Property/islamabad_f-6_designer_triple_storey_house_f-6_islamabad_steps_from_blue_area-54065903-164-1.html
3.8 Crore,5 Marla,4 Beds,5 Baths,"DHA Defence, Islamabad, Islamabad Capital",Islamabad,House,Furnished,1,1,1,1,1,https://www.zameen.com/Property/dha_defence_phase_5_dha_phase_5_-_sector_f_luxury_5_marla_brand_new_house_for_sale_-_sector_f_dha_phase_5-54074609-8836-1.html
85 Lakh,5 Marla,2 Beds,2 Baths,"DHA Defence, Islamabad, Islamabad Capital",Islamabad,House,Other Main Features,1,,,1,,https://www.zameen.com/Property/dha_valley_dha_valley_-_oleander_sector_5_marla_dha_home_for_sale_in_oleander_d-54098017-3213-1.html
1.6 Arab,4 Kanal,7 Beds,6 Baths,"F-7, Islamabad, Islamabad Capital",Islamabad,House,Furnished,8,3,,4,1,https://www.zameen.com/Property/islamabad_f-7_main_margalla_road_4_kanal_house_with_extra_land-54018906-165-1.html
4.15 Crore,7 Marla,5 Beds,6 Baths,"Gulberg, Islamabad, Islamabad Capital",Islamabad,House,Waste Disposal,,,,1,1,https://www.zameen.com/Property/gulberg_residencia_gulberg_residencia_-_block_a_gulberg_residencia_block_f_7marla_brand_new_house_available_for_sale-53000005-9112-1.html
11.75 Crore,1 Kanal,5 Beds,7 Baths,"DHA Defence, Islamabad, Islamabad Capital",Islamabad,House,Furnished,6,1,1,1,1,https://www.zameen.com/Property/dha_defence_dha_defence_phase_2_single_unit_ultra_luxury_house_on_prime_location_at_dha_2-54238692-339-1.html
11.75 Crore,1 Kanal,5 Beds,7 Baths,"DHA Defence, Islamabad, Islamabad Capital",Islamabad,House,Furnished,3,1,,1,1,https://www.zameen.com/Property/dha_defence_dha_defence_phase_2_1_kanal_house_with_premium_drawing_room_with_imported_furniture-54238693-339-1.html
2.95 Crore,5 Marla,3 Beds,3 Baths,"Faisal Town - F-18, Islamabad, Islamabad Capital",Islamabad,House,,,,,1,1,https://www.zameen.com/Property/islamabad_faisal_town_-_f-18_5_marla_house_in_faisal_town_-_f-18_is_available_for_sale-53872408-8260-1.html
7.35 Crore,10 Marla,5 Beds,5 Baths,"G-9, Islamabad, Islamabad Capital",Islamabad,House,,,,,,,https://www.zameen.com/Property/g_9_g-9_4_cda_sector_g-9_4_35_70_5-bedroom_liveable_house_for_sale-54241558-3387-1.html
8.75 Crore,10 Marla,5 Beds,5 Baths,"G-10, Islamabad, Islamabad Capital",Islamabad,House,,,,,,,https://www.zameen.com/Property/g_10_g-10_4_g-10_4_main_sawan_road_35_70_5_bedrooms_livable_house_for_sale-54241510-3327-1.html
13 Crore,10 Marla,5 Beds,5 Baths,"D-12, Islamabad, Islamabad Capital",Islamabad,House,Other Main Features,2,,1,1,1,https://www.zameen.com/Property/d_12_d-12_1_corner_brand_new_house_for_sale_in_d_12-52932983-3154-1.html
5.3 Crore,4 Marla,3 Beds,3 Baths,"D-12, Islamabad, Islamabad Capital",Islamabad,House,,,,,1,1,https://www.zameen.com/Property/d_12_d-12_1_stunning_4_marla_house_in_d-12_1_available-54232728-3154-1.html
9.5 Crore,1 Kanal,6 Beds,7 Baths,"Top City 1, Islamabad, Islamabad Capital",Islamabad,House,Furnished,1,1,1,2,1,https://www.zameen.com/Property/top_city_1_top_city_1_-_block_b_4500_sq_ft_prime_location_near_school_market_mosque_ready_to_move_designer_house_for_sale_block-b_top_city-1_islamabad-54045926-9230-1.html
5.5 Crore,6 Marla,4 Beds,5 Baths,"E-11, Islamabad, Islamabad Capital",Islamabad,House,Other Main Features,1,1,,1,1,https://www.zameen.com/Property/e_11_e-11_4_on_excellent_location_house_for_sale-54135802-3241-1.html
6.95 Crore,10 Marla,-,-,"Lehtrar Road, Islamabad, Islamabad Capital",Islamabad,House,,3,1,1,3,1,https://www.zameen.com/Property/lehtrar_road_rahman_enclave_elegant_cda_approved_10_marla_triple_story_luxury_house_for_sale_in_islamabad_rehman_enclave-54079022-17143-1.html
2.4 Crore,5 Marla,3 Beds,3 Baths,"Bahria Town, Islamabad, Islamabad Capital",Islamabad,House,,,1,1,1,1,https://www.zameen.com/Property/bahria_enclave_bahria_enclave_-_sector_h_house_of_5_marla_is_available_for_sale-54207683-11983-1.html
4.25 Crore,8 Marla,5 Beds,6 Baths,"Kuri Road, Islamabad, Islamabad Capital",Islamabad,House,Other Main Features,1,1,1,2,1,https://www.zameen.com/Property/kuri_road_phaf_officers_residencia_pha_officer_residencia_kuri_road_islamabad_brand_new_house-52793657-13099-1.html
5.5 Crore,16 Marla,6 Beds,7 Baths,"Bani Gala, Islamabad, Islamabad Capital",Islamabad,House,Furnished,2,1,2,2,1,https://www.zameen.com/Property/islamabad_bani_gala_16_marla_house_with_solar_installed_in_bani_gala-54127626-340-1.html
22 Crore,2 Kanal,7 Beds,6 Baths,"DHA Defence, Islamabad, Islamabad Capital",Islamabad,House,Furnished,3,2,2,2,1,https://www.zameen.com/Property/dha_defence_dha_defence_phase_2_dha2_1_5_kanal_owner_built_full_furnished_house-54060075-339-1.html
13.8 Crore,1 Kanal,5 Beds,6 Baths,"DHA Defence, Islamabad, Islamabad Capital",Islamabad,House,Furnished,3,2,2,2,1,https://www.zameen.com/Property/dha_defence_dha_defence_phase_2_dha2_one_kanal_designer_house_for_sale-54037324-339-1.html
46 Crore,2.5 Kanal,8 Beds,6 Baths,"F-8, Islamabad, Islamabad Capital",Islamabad,House,Furnished,8,2,2,2,1,https://www.zameen.com/Property/islamabad_f-8_f_8_park_facing_1244_square_yards_house_available_80_140_marglla_facing-52809060-166-1.html
24.5 Crore,1 Kanal,6 Beds,6 Baths,"F-8, Islamabad, Islamabad Capital",Islamabad,House,Other Main Features,6,2,2,2,1,https://www.zameen.com/Property/islamabad_f-8_f_8_corner_house_available_50_90_sun_facing_beautiful_location-52989398-166-1.html
55 Crore,2.5 Kanal,5 Beds,6 Baths,"F-7, Islamabad, Islamabad Capital",Islamabad,House,Furnished,10,1,2,2,1,https://www.zameen.com/Property/f_7_f-7_3_f_7_house_available_80_140_house_near_margla_road-53022784-3309-1.html
69 Crore,2.2 Kanal,10 Beds,6 Baths,"F-10, Islamabad, Islamabad Capital",Islamabad,House,Furnished,10,1,2,2,1,https://www.zameen.com/Property/islamabad_f-10_f_10_brand_new_house_available_81_125_1111_square_yards_stylish_and_latest_designer_house-53059629-162-1.html
65 Crore,4 Kanal,10 Beds,6 Baths,"F-8, Islamabad, Islamabad Capital",Islamabad,House,Other Main Features,20,3,2,2,1,https://www.zameen.com/Property/islamabad_f-8_f_8_house_available_100_180_2000_square_yards_near_margla_road-53178415-166-1.html
3.8 Crore,7 Marla,5 Beds,5 Baths,"Faisal Town - F-18, Islamabad, Islamabad Capital",Islamabad,House,Other Main Features,2,1,1,1,2,https://www.zameen.com/Property/islamabad_faisal_town_-_f-18_faisal_town_for_sale_house_7_marla-53747281-8260-1.html
2.85 Crore,5 Marla,4 Beds,4 Baths,"Faisal Town - F-18, Islamabad, Islamabad Capital",Islamabad,House,Furnished,1,2,2,1,2,https://www.zameen.com/Property/islamabad_faisal_town_-_f-18_faisal_town_5_marla_house_for_sale-53769612-8260-1.html
3.9 Crore,7 Marla,5 Beds,5 Baths,"Faisal Town - F-18, Islamabad, Islamabad Capital",Islamabad,House,Other Main Features,2,1,1,2,2,https://www.zameen.com/Property/islamabad_faisal_town_-_f-18_faisal_town_for_sale_house-53627960-8260-1.html
6.5 Crore,7 Marla,5 Beds,5 Baths,"G-13, Islamabad, Islamabad Capital",Islamabad,House,,Other Main Features,1,1,2,1,https://www.zameen.com/Property/islamabad_g-13_7_marla_house_for_sale_in_g-13-54150017-330-1.html
8 Crore,14.2 Marla,6 Beds,6 Baths,"G-14, Islamabad, Islamabad Capital",Islamabad,House,Other Main Features,1,1,1,2,1,https://www.zameen.com/Property/g_14_g-14_3_become_owner_of_your_house_today_which_is_centrally_located_in_g-14_3_in_islamabad-54150016-3345-1.html
1.6 Crore,5 Marla,3 Beds,4 Baths,"Bani Gala, Islamabad, Islamabad Capital",Islamabad,House,Floors: 2,1,2,,1,1,https://www.zameen.com/Property/islamabad_bani_gala_5_marla_one_amp_half_story_house_for_sale-54111665-340-1.html
1.25 Crore,5 Marla,2 Beds,3 Baths,"Bani Gala, Islamabad, Islamabad Capital",Islamabad,House,Floors: 1,1,,,1,1,https://www.zameen.com/Property/islamabad_bani_gala_5_marla_single_story_house_for_sale-54181105-340-1.html
10 Crore,1.6 Kanal,8 Beds,6 Baths,"Bani Gala, Islamabad, Islamabad Capital",Islamabad,House,,2,1,1,1,1,https://www.zameen.com/Property/islamabad_bani_gala_31_marla_beautiful_house-54202667-340-1.html
